-- MySQL dump 10.13  Distrib 8.0.42, for macos14.7 (x86_64)
--
-- Host: localhost    Database: inveti
-- ------------------------------------------------------
-- Server version	8.0.42

/*!40101 SET @OLD_CHARACTER_SET_CLIENT=@@CHARACTER_SET_CLIENT */;
/*!40101 SET @OLD_CHARACTER_SET_RESULTS=@@CHARACTER_SET_RESULTS */;
/*!40101 SET @OLD_COLLATION_CONNECTION=@@COLLATION_CONNECTION */;
/*!50503 SET NAMES utf8mb4 */;
/*!40103 SET @OLD_TIME_ZONE=@@TIME_ZONE */;
/*!40103 SET TIME_ZONE='+00:00' */;
/*!40014 SET @OLD_UNIQUE_CHECKS=@@UNIQUE_CHECKS, UNIQUE_CHECKS=0 */;
/*!40014 SET @OLD_FOREIGN_KEY_CHECKS=@@FOREIGN_KEY_CHECKS, FOREIGN_KEY_CHECKS=0 */;
/*!40101 SET @OLD_SQL_MODE=@@SQL_MODE, SQL_MODE='NO_AUTO_VALUE_ON_ZERO' */;
/*!40111 SET @OLD_SQL_NOTES=@@SQL_NOTES, SQL_NOTES=0 */;

--
-- Dumping data for table `tipos_equipo`
--

LOCK TABLES `tipos_equipo` WRITE;
/*!40000 ALTER TABLE `tipos_equipo` DISABLE KEYS */;
INSERT INTO `tipos_equipo` (`id`, `nombre`, `icono`, `descripcion`, `created_at`, `updated_at`) VALUES (1,'AIO','desktop-computer','Computador todo en uno','2026-04-12 02:39:59','2026-04-12 02:39:59'),(2,'Notebook','laptop','Computador portátil','2026-04-12 02:39:59','2026-04-12 02:39:59'),(3,'Impresora','printer','Impresora de escritorio','2026-04-12 02:39:59','2026-04-12 02:39:59'),(4,'Multifuncional','printer','Equipo multifuncional (imprime, escanea, copia)','2026-04-12 02:39:59','2026-04-12 02:39:59'),(5,'Smartphone','device-mobile','Teléfono inteligente','2026-04-12 02:39:59','2026-04-12 02:39:59'),(6,'Monitor','desktop-computer','Monitor de pantalla','2026-04-12 02:39:59','2026-04-12 02:39:59'),(7,'UPS','battery-charging','Sistema de alimentación ininterrumpida','2026-04-12 02:39:59','2026-04-12 02:39:59'),(8,'Switch','server','Conmutador de red','2026-04-12 02:39:59','2026-04-12 02:39:59'),(9,'Router','wifi','Enrutador de red','2026-04-12 02:39:59','2026-04-12 02:39:59'),(10,'Proyector','film','Proyector de imágenes','2026-04-12 02:39:59','2026-04-12 02:39:59'),(11,'Servidor','server','Servidor de datos','2026-04-12 02:39:59','2026-04-12 02:39:59'),(12,'Tablet','device-tablet','Tableta digital','2026-04-12 02:39:59','2026-04-12 02:39:59'),(13,'Otro','cube','Otro tipo de equipo','2026-04-12 02:39:59','2026-04-12 02:39:59');
/*!40000 ALTER TABLE `tipos_equipo` ENABLE KEYS */;
UNLOCK TABLES;

--
-- Dumping data for table `departamentos`
--

LOCK TABLES `departamentos` WRITE;
/*!40000 ALTER TABLE `departamentos` DISABLE KEYS */;
INSERT INTO `departamentos` (`id`, `nombre`, `descripcion`, `created_at`, `updated_at`) VALUES (1,'ADMINISTRACION',NULL,'2026-04-11 04:00:00','2026-04-11 04:00:00'),(2,'ALCALDIA',NULL,'2026-04-11 04:00:00','2026-04-11 04:00:00'),(3,'DAF',NULL,'2026-04-11 04:00:00','2026-04-11 04:00:00'),(4,'DIDECO',NULL,'2026-04-11 04:00:00','2026-04-11 04:00:00'),(5,'DIREC. CONTROL',NULL,'2026-04-11 04:00:00','2026-04-11 04:00:00'),(6,'DIRECCION RRHH',NULL,'2026-04-11 04:00:00','2026-04-11 04:00:00'),(7,'DOM',NULL,'2026-04-11 04:00:00','2026-04-11 04:00:00'),(8,'DPTO. TRANSITO',NULL,'2026-04-11 04:00:00','2026-04-11 04:00:00'),(9,'Delegación Muni.',NULL,'2026-04-11 04:00:00','2026-04-11 04:00:00'),(10,'GABINETE',NULL,'2026-04-11 04:00:00','2026-04-11 04:00:00'),(11,'JPL',NULL,'2026-04-11 04:00:00','2026-04-11 04:00:00'),(12,'JURIDICO',NULL,'2026-04-11 04:00:00','2026-04-11 04:00:00'),(13,'PROEMPLEO',NULL,'2026-04-11 04:00:00','2026-04-11 04:00:00'),(14,'SECPLAN',NULL,'2026-04-11 04:00:00','2026-04-11 04:00:00'),(15,'SECRETARIA MUNICIPAL',NULL,'2026-04-11 04:00:00','2026-04-11 04:00:00'),(16,'SSGG',NULL,'2026-04-11 04:00:00','2026-04-11 04:00:00'),(17,'UDEL',NULL,'2026-04-11 04:00:00','2026-04-11 04:00:00'),(18,'VIVIENDA',NULL,'2026-04-11 04:00:00','2026-04-11 04:00:00');
/*!40000 ALTER TABLE `departamentos` ENABLE KEYS */;
UNLOCK TABLES;

--
-- Dumping data for table `funcionarios`
--

LOCK TABLES `funcionarios` WRITE;
/*!40000 ALTER TABLE `funcionarios` DISABLE KEYS */;
INSERT INTO `funcionarios` (`id`, `nombre`, `apellido`, `rut`, `cargo`, `departamento_id`, `email`, `telefono`, `activo`, `created_at`, `updated_at`) VALUES (1,'KAREN','AMOYAO','00.000.10000000-0','SECRETARIA',1,NULL,NULL,1,'2026-04-11 04:00:00','2026-04-11 04:00:00'),(2,'CAMILA','SALAZAR','00.000.10000001-0','ENCARGADA',1,NULL,NULL,1,'2026-04-11 04:00:00','2026-04-11 04:00:00'),(3,'OSCAR','MUÑOZ','00.000.10000002-0','ADMINISTRADOR',1,NULL,NULL,1,'2026-04-11 04:00:00','2026-04-11 04:00:00'),(4,'JUAN','CARLOS ARRIAGADA','00.000.10000003-0','TECNICO',1,NULL,NULL,1,'2026-04-11 04:00:00','2026-04-11 04:00:00'),(5,'DIEGO','CASTRO','00.000.10000004-0','TECNICO',1,NULL,NULL,1,'2026-04-11 04:00:00','2026-04-11 04:00:00'),(6,'?','','00.000.10000005-0','?',1,NULL,NULL,1,'2026-04-11 04:00:00','2026-04-11 04:00:00'),(7,'ISABEL','HUILIPAN','00.000.10000006-0','APOYO ADM',1,NULL,NULL,1,'2026-04-11 04:00:00','2026-04-11 04:00:00'),(8,'ROXANA','BERNAL','00.000.10000007-0','PROFESIONAL ADMIN',1,NULL,NULL,1,'2026-04-11 04:00:00','2026-04-11 04:00:00'),(9,'MIGUEL','ANGEL ARANEDA','00.000.10000008-0','SALA DE MONITOREO',1,NULL,NULL,1,'2026-04-11 04:00:00','2026-04-11 04:00:00'),(10,'MARCELA','TIZNADO','00.000.10000009-0','ALCALDESA',2,NULL,NULL,1,'2026-04-11 04:00:00','2026-04-11 04:00:00'),(11,'ANDREA','ESCOBAR','00.000.10000010-0','SECRETARIA',2,NULL,NULL,1,'2026-04-11 04:00:00','2026-04-11 04:00:00'),(12,'JERSON','SAEZ','00.000.10000011-0','JEFE GABINETE',2,NULL,NULL,1,'2026-04-11 04:00:00','2026-04-11 04:00:00'),(13,'ANGEL','SALAS VERA','00.000.10000012-0','COORDINADOR',2,NULL,NULL,1,'2026-04-11 04:00:00','2026-04-11 04:00:00'),(14,'INGRID','INOSTROZA','00.000.10000013-0','ADMINISTRATIVO',2,NULL,NULL,1,'2026-04-11 04:00:00','2026-04-11 04:00:00'),(15,'JUAN','CARCAMO','00.000.10000014-0','ENCARGADO SONIDO',2,NULL,NULL,1,'2026-04-11 04:00:00','2026-04-11 04:00:00'),(16,'ORIANA','SAEZ','00.000.10000015-0','DIRECTORA',3,NULL,NULL,1,'2026-04-11 04:00:00','2026-04-11 04:00:00'),(17,'PATRICIA','SAEZ','00.000.10000016-0','SECRETARIA',3,NULL,NULL,1,'2026-04-11 04:00:00','2026-04-11 04:00:00'),(18,'MARIELA','LUENGO','00.000.10000017-0','ADMINISTRATIVA',3,NULL,NULL,1,'2026-04-11 04:00:00','2026-04-11 04:00:00'),(19,'ANA','SOLAR','00.000.10000018-0','ADMINISTRATIVA',3,NULL,NULL,1,'2026-04-11 04:00:00','2026-04-11 04:00:00'),(20,'MAURICIO','SALAZAR','00.000.10000019-0','INVENTARIO',3,NULL,NULL,1,'2026-04-11 04:00:00','2026-04-11 04:00:00'),(21,'JUAN','FUENTES','00.000.10000020-0','CONTADOR',3,NULL,NULL,1,'2026-04-11 04:00:00','2026-04-11 04:00:00'),(22,'SERGIO','OLIVA','00.000.10000021-0','TESORERO',3,NULL,NULL,1,'2026-04-11 04:00:00','2026-04-11 04:00:00'),(23,'ANA','OBREQUE','00.000.10000022-0','PATENTES COMERCIALES',3,NULL,NULL,1,'2026-04-11 04:00:00','2026-04-11 04:00:00'),(24,'MARIA','PEÑA','00.000.10000023-0','CAJERA',3,NULL,NULL,1,'2026-04-11 04:00:00','2026-04-11 04:00:00'),(25,'MACROVIA','GONZALES','00.000.10000024-0','CAJERA',3,NULL,NULL,1,'2026-04-11 04:00:00','2026-04-11 04:00:00'),(26,'PATRICIO','CARRILLO','00.000.10000025-0','PROFESIONAL DAF',3,NULL,NULL,1,'2026-04-11 04:00:00','2026-04-11 04:00:00'),(27,'MANUEL','VIDAL','00.000.10000026-0','PROFESIONAL DE COMPRA',3,NULL,NULL,1,'2026-04-11 04:00:00','2026-04-11 04:00:00'),(28,'MOISES','RODRIGUEZ','00.000.10000027-0','ADMINISTRATIVO',3,NULL,NULL,1,'2026-04-11 04:00:00','2026-04-11 04:00:00'),(29,'ROLANDO','NAVARRO','00.000.10000028-0','ADMINISTRATIVO',3,NULL,NULL,1,'2026-04-11 04:00:00','2026-04-11 04:00:00'),(30,'JAIME','SAEZ','00.000.10000029-0','ENCARGADO',3,NULL,NULL,1,'2026-04-11 04:00:00','2026-04-11 04:00:00'),(31,'JESSICA','VEGA','00.000.10000030-0','Sin cargo',3,NULL,NULL,1,'2026-04-11 04:00:00','2026-04-11 04:00:00'),(32,'RODRIGO','SAEZ','00.000.10000031-0','JEFE',4,NULL,NULL,1,'2026-04-11 04:00:00','2026-04-11 04:00:00'),(33,'Pablina','(Ex PC Lucía)','00.000.10000032-0','Secretaria',4,NULL,NULL,1,'2026-04-11 04:00:00','2026-04-11 04:00:00'),(34,'Poleth','','00.000.10000033-0','Administrativo',4,NULL,NULL,1,'2026-04-11 04:00:00','2026-04-11 04:00:00'),(35,'Ex','PC Joselyn','00.000.10000034-0','Sin cargo',4,NULL,NULL,1,'2026-04-11 04:00:00','2026-04-11 04:00:00'),(36,'Angelica','','00.000.10000035-0','Sin cargo',4,NULL,NULL,1,'2026-04-11 04:00:00','2026-04-11 04:00:00'),(37,'Ingrid','','00.000.10000036-0','Sin cargo',4,NULL,NULL,1,'2026-04-11 04:00:00','2026-04-11 04:00:00'),(38,'Felipe','R -> Lorena W.','00.000.10000037-0','Org. Comunitarias',4,NULL,NULL,1,'2026-04-11 04:00:00','2026-04-11 04:00:00'),(39,'Lorena','W.','00.000.10000038-0','Sin cargo',4,NULL,NULL,1,'2026-04-11 04:00:00','2026-04-11 04:00:00'),(40,'Sergio','','00.000.10000039-0','Sin cargo',4,NULL,NULL,1,'2026-04-11 04:00:00','2026-04-11 04:00:00'),(41,'Ruth','S.','00.000.10000040-0','Sin cargo',4,NULL,NULL,1,'2026-04-11 04:00:00','2026-04-11 04:00:00'),(42,'Pers.1','','00.000.10000041-0','Sin cargo',4,NULL,NULL,1,'2026-04-11 04:00:00','2026-04-11 04:00:00'),(43,'Pers.2','','00.000.10000042-0','Sin cargo',4,NULL,NULL,1,'2026-04-11 04:00:00','2026-04-11 04:00:00'),(44,'Pers.3','','00.000.10000043-0','SUBSIDIO',4,NULL,NULL,1,'2026-04-11 04:00:00','2026-04-11 04:00:00'),(45,'Pers.4','(Ingreso)','00.000.10000044-0','Sin cargo',4,NULL,NULL,1,'2026-04-11 04:00:00','2026-04-11 04:00:00'),(46,'PAOLA','MUÑOZ','00.000.10000045-0','Administrativo',4,NULL,NULL,1,'2026-04-11 04:00:00','2026-04-11 04:00:00'),(47,'HECTOR','MORALES','00.000.10000046-0','PROFESIONAL',4,NULL,NULL,1,'2026-04-11 04:00:00','2026-04-11 04:00:00'),(48,'ALEXIS','GAVILAN','00.000.10000047-0','Sin cargo',4,NULL,NULL,1,'2026-04-11 04:00:00','2026-04-11 04:00:00'),(49,'XIMENA','SAEZ','00.000.10000048-0','APOYO',5,NULL,NULL,1,'2026-04-11 04:00:00','2026-04-11 04:00:00'),(50,'MANUEL','VALDERAS','00.000.10000049-0','PROFESIONAL',5,NULL,NULL,1,'2026-04-11 04:00:00','2026-04-11 04:00:00'),(51,'DANIELA','NAVARRO','00.000.10000050-0','PROFESIONAL',5,NULL,NULL,1,'2026-04-11 04:00:00','2026-04-11 04:00:00'),(52,'MARGARITA','CAMPOS','00.000.10000051-0','ADMINISTRATIVA',6,NULL,NULL,1,'2026-04-11 04:00:00','2026-04-11 04:00:00'),(53,'Liliana','','00.000.10000052-0','ADMINISTRATIVA',6,NULL,NULL,1,'2026-04-11 04:00:00','2026-04-11 04:00:00'),(54,'HILDA','TORRES','00.000.10000053-0','DIRECTORA',6,NULL,NULL,1,'2026-04-11 04:00:00','2026-04-11 04:00:00'),(55,'JANETTE','OLIVA','00.000.10000054-0','Sin cargo',6,NULL,NULL,1,'2026-04-11 04:00:00','2026-04-11 04:00:00'),(56,'NOEMI','ARIAS','00.000.10000055-0','Sin cargo',6,NULL,NULL,1,'2026-04-11 04:00:00','2026-04-11 04:00:00'),(57,'MATIET','MEDINA','00.000.10000056-0','Sin cargo',6,NULL,NULL,1,'2026-04-11 04:00:00','2026-04-11 04:00:00'),(58,'BERNARDITA','ANTIPIL','00.000.10000057-0','Sin cargo',6,NULL,NULL,1,'2026-04-11 04:00:00','2026-04-11 04:00:00'),(59,'YASNA','ROCHA','00.000.10000058-0','PROFESIONAL DOM',7,NULL,NULL,1,'2026-04-11 04:00:00','2026-04-11 04:00:00'),(60,'CLAUDIO','PARRAGUEZ','00.000.10000059-0','DIRECTOR',7,NULL,NULL,1,'2026-04-11 04:00:00','2026-04-11 04:00:00'),(61,'ERIKA','SIERRA','00.000.10000060-0','SECRETARIA',7,NULL,NULL,1,'2026-04-11 04:00:00','2026-04-11 04:00:00'),(62,'MIRIAM','','00.000.10000061-0','APOYO DOM',7,NULL,NULL,1,'2026-04-11 04:00:00','2026-04-11 04:00:00'),(63,'MAURICIO','GONZALES','00.000.10000062-0','PROFESIONAL DOM',7,NULL,NULL,1,'2026-04-11 04:00:00','2026-04-11 04:00:00'),(64,'JONATHAN','','00.000.10000063-0','PROFESIONAL DOM',7,NULL,NULL,1,'2026-04-11 04:00:00','2026-04-11 04:00:00'),(65,'ROSSE','','00.000.10000064-0','PROFESIONAL DOM',7,NULL,NULL,1,'2026-04-11 04:00:00','2026-04-11 04:00:00'),(66,'CAROLINA','','00.000.10000065-0','APOYO ADM',7,NULL,NULL,1,'2026-04-11 04:00:00','2026-04-11 04:00:00'),(67,'CRISTINA','','00.000.10000066-0','APOYO ADM',7,NULL,NULL,1,'2026-04-11 04:00:00','2026-04-11 04:00:00'),(68,'CRISTIAN','CHAVEZ','00.000.10000067-0','PROFESIONAL DOM',7,NULL,NULL,1,'2026-04-11 04:00:00','2026-04-11 04:00:00'),(69,'GRACIELA','CAMPOS','00.000.10000068-0','APOYO TRANSITO',8,NULL,NULL,1,'2026-04-11 04:00:00','2026-04-11 04:00:00'),(70,'VIRGINIA','BARRIENTOS','00.000.10000069-0','APOYO TRANSITO',8,NULL,NULL,1,'2026-04-11 04:00:00','2026-04-11 04:00:00'),(71,'WLADIMIR','PEREZ','00.000.10000070-0','PROFESIONAL TRANSITO',8,NULL,NULL,1,'2026-04-11 04:00:00','2026-04-11 04:00:00'),(72,'LIDIA','SAEZ','00.000.10000071-0','ENCARGADA LICENCIAS',8,NULL,NULL,1,'2026-04-11 04:00:00','2026-04-11 04:00:00'),(73,'PAOLA','GARRIDO','00.000.10000072-0','APOYO PCV',8,NULL,NULL,1,'2026-04-11 04:00:00','2026-04-11 04:00:00'),(74,'MARIA','ANGELICA ORTIS','00.000.10000073-0','ENCARGADA PCV',8,NULL,NULL,1,'2026-04-11 04:00:00','2026-04-11 04:00:00'),(75,'Mónica','Pavez','00.000.10000074-0','Administrativo',11,NULL,NULL,1,'2026-04-11 04:00:00','2026-04-11 04:00:00'),(76,'Daniela','Villalobos','00.000.10000075-0','Administrativo',11,NULL,NULL,1,'2026-04-11 04:00:00','2026-04-11 04:00:00'),(77,'ANA','CARRASCO','00.000.10000076-0','Sin cargo',11,NULL,NULL,1,'2026-04-11 04:00:00','2026-04-11 04:00:00'),(78,'ANGELICA','BAEZA','00.000.10000077-0','ADMINISTRATIVO',11,NULL,NULL,1,'2026-04-11 04:00:00','2026-04-11 04:00:00'),(79,'MABEL','GAJARDO','00.000.10000078-0','ADMINISTRATIVO',11,NULL,NULL,1,'2026-04-11 04:00:00','2026-04-11 04:00:00'),(80,'ROMINA','VALDERAS','00.000.10000079-0','SECRETARIA ABOGADA',11,NULL,NULL,1,'2026-04-11 04:00:00','2026-04-11 04:00:00'),(81,'MONICA','PAVEZ','00.000.10000080-0','Sin cargo',11,NULL,NULL,1,'2026-04-11 04:00:00','2026-04-11 04:00:00'),(82,'DANIELA','VILLALOVOS','00.000.10000081-0','Sin cargo',11,NULL,NULL,1,'2026-04-11 04:00:00','2026-04-11 04:00:00'),(83,'KAREN','LLANCAO','00.000.10000082-0','ADMINISTRATIVO',12,NULL,NULL,1,'2026-04-11 04:00:00','2026-04-11 04:00:00'),(84,'MINERVA','GUZMAN','00.000.10000083-0','SECRETARIA',12,NULL,NULL,1,'2026-04-11 04:00:00','2026-04-11 04:00:00'),(85,'MARLENE','MELITA','00.000.10000084-0','ABOGADA',12,NULL,NULL,1,'2026-04-11 04:00:00','2026-04-11 04:00:00'),(86,'ANDREA','POBLETE','00.000.10000085-0','Sin cargo',12,NULL,NULL,1,'2026-04-11 04:00:00','2026-04-11 04:00:00'),(87,'CLAUDIA','MADARIAGA','00.000.10000086-0','ENCARGADA DE CONTROL',12,NULL,NULL,1,'2026-04-11 04:00:00','2026-04-11 04:00:00'),(88,'ALVARO','CISTERNA','00.000.10000087-0','PROFESIONAL',12,NULL,NULL,1,'2026-04-11 04:00:00','2026-04-11 04:00:00'),(89,'FRESIA','SAAVEDRA','00.000.10000088-0','Secretaria',14,NULL,NULL,1,'2026-04-11 04:00:00','2026-04-11 04:00:00'),(90,'JAIME','MAGNAN','00.000.10000089-0','Sin cargo',14,NULL,NULL,1,'2026-04-11 04:00:00','2026-04-11 04:00:00'),(91,'SOFIA','GONZALES','00.000.10000090-0','Sin cargo',14,NULL,NULL,1,'2026-04-11 04:00:00','2026-04-11 04:00:00'),(92,'CHRISTOPHER','RODRIGUEZ','00.000.10000091-0','Sin cargo',14,NULL,NULL,1,'2026-04-11 04:00:00','2026-04-11 04:00:00'),(93,'LEONARDO','MARTINEZ','00.000.10000092-0','Sin cargo',14,NULL,NULL,1,'2026-04-11 04:00:00','2026-04-11 04:00:00'),(94,'LEONARDO','BADILLA','00.000.10000093-0','Sin cargo',14,NULL,NULL,1,'2026-04-11 04:00:00','2026-04-11 04:00:00'),(95,'ROSITA','CARRASCO','00.000.10000094-0','Sin cargo',14,NULL,NULL,1,'2026-04-11 04:00:00','2026-04-11 04:00:00'),(96,'BLAS','ARANEDA','00.000.10000095-0','Director',14,NULL,NULL,1,'2026-04-11 04:00:00','2026-04-11 04:00:00'),(97,'LUIS','MORENO','00.000.10000096-0','Sin cargo',14,NULL,NULL,1,'2026-04-11 04:00:00','2026-04-11 04:00:00'),(98,'Luisa','','00.000.10000097-0','Secretaria',15,NULL,NULL,1,'2026-04-11 04:00:00','2026-04-11 04:00:00'),(99,'ALEJANDRA','CHAVEZ','00.000.10000098-0','Secretaria',15,NULL,NULL,1,'2026-04-11 04:00:00','2026-04-11 04:00:00'),(100,'ORIETA','CARRILLO','00.000.10000099-0','Sin cargo',15,NULL,NULL,1,'2026-04-11 04:00:00','2026-04-11 04:00:00'),(101,'RAFAEL','MEDINA','00.000.10000100-0','Sin cargo',15,NULL,NULL,1,'2026-04-11 04:00:00','2026-04-11 04:00:00'),(102,'GUIDO','FIGUEROA','00.000.10000101-0','Secretario Municipal',15,NULL,NULL,1,'2026-04-11 04:00:00','2026-04-11 04:00:00'),(103,'PEDRO','TORRES','00.000.10000102-0','Sin cargo',15,NULL,NULL,1,'2026-04-11 04:00:00','2026-04-11 04:00:00'),(104,'DAMIAN','BERNAL','00.000.10000103-0','CONCEJAL',15,NULL,NULL,1,'2026-04-11 04:00:00','2026-04-11 04:00:00'),(105,'MAURICIO','GAETE','00.000.10000104-0','CONCEJAL',15,NULL,NULL,1,'2026-04-11 04:00:00','2026-04-11 04:00:00'),(106,'FELIPE','SAAVEDRA','00.000.10000105-0','CONCEJAL',15,NULL,NULL,1,'2026-04-11 04:00:00','2026-04-11 04:00:00'),(107,'CLAUDIO','RECABAL','00.000.10000106-0','CONCEJAL',15,NULL,NULL,1,'2026-04-11 04:00:00','2026-04-11 04:00:00'),(108,'RICARDO','VENEGAS','00.000.10000107-0','CONCEJAL',15,NULL,NULL,1,'2026-04-11 04:00:00','2026-04-11 04:00:00'),(109,'FELIPE','PEÑA','00.000.10000108-0','CONCEJAL',15,NULL,NULL,1,'2026-04-11 04:00:00','2026-04-11 04:00:00'),(110,'DANIEL','HERRERA','00.000.10000109-0','PROFESIONAL TRANSITO',16,NULL,NULL,1,'2026-04-11 04:00:00','2026-04-11 04:00:00'),(111,'RODRIGO','RODRIGUEZ','00.000.10000110-0','DIRECTOR (S)',16,NULL,NULL,1,'2026-04-11 04:00:00','2026-04-11 04:00:00'),(112,'LUIS','RIFFO','00.000.10000111-0','PREVENCIONISTA',16,NULL,NULL,1,'2026-04-11 04:00:00','2026-04-11 04:00:00'),(113,'SIN','ENCARGADO','00.000.10000112-0','N/A',16,NULL,NULL,1,'2026-04-11 04:00:00','2026-04-11 04:00:00'),(114,'SILVANA','HUILIPAN','00.000.10000113-0','SECRETARIA',16,NULL,NULL,1,'2026-04-11 04:00:00','2026-04-11 04:00:00'),(115,'PATRICIO','ALVARES','00.000.10000114-0','Sin cargo',16,NULL,NULL,1,'2026-04-11 04:00:00','2026-04-11 04:00:00'),(116,'CLAUDIO','','00.000.10000115-0','Sin cargo',16,NULL,NULL,1,'2026-04-11 04:00:00','2026-04-11 04:00:00'),(117,'JENNIFER','','00.000.10000116-0','SECRETARIA',17,NULL,NULL,1,'2026-04-11 04:00:00','2026-04-11 04:00:00'),(118,'LIZZI','BARTO','00.000.10000117-0','Sin cargo',17,NULL,NULL,1,'2026-04-11 04:00:00','2026-04-11 04:00:00'),(119,'ANGÉLICA','','00.000.10000118-0','Sin cargo',17,NULL,NULL,1,'2026-04-11 04:00:00','2026-04-11 04:00:00'),(120,'ANDREA','OÑATE','00.000.10000119-0','Sin cargo',17,NULL,NULL,1,'2026-04-11 04:00:00','2026-04-11 04:00:00'),(121,'NIVALDO','','00.000.10000120-0','Sin cargo',17,NULL,NULL,1,'2026-04-11 04:00:00','2026-04-11 04:00:00'),(122,'VIVIANA','VILLALON','00.000.10000121-0','Sin cargo',18,NULL,NULL,1,'2026-04-11 04:00:00','2026-04-11 04:00:00'),(123,'ESTRELA','','00.000.10000122-0','Sin cargo',18,NULL,NULL,1,'2026-04-11 04:00:00','2026-04-11 04:00:00'),(124,'MARIA','EUGENIA','00.000.10000123-0','PROFESIONAL VIVIENDA',18,NULL,NULL,1,'2026-04-11 04:00:00','2026-04-11 04:00:00'),(125,'FELIPE','RIVAS','00.000.10000124-0','DIRECTOR',18,NULL,NULL,1,'2026-04-11 04:00:00','2026-04-11 04:00:00');
/*!40000 ALTER TABLE `funcionarios` ENABLE KEYS */;
UNLOCK TABLES;

--
-- Dumping data for table `equipos`
--

LOCK TABLES `equipos` WRITE;
/*!40000 ALTER TABLE `equipos` DISABLE KEYS */;
INSERT INTO `equipos` (`id`, `tipo_equipo_id`, `marca`, `modelo`, `numero_serie`, `numero_inventario`, `estado`, `funcionario_id`, `departamento_id`, `fecha_adquisicion`, `valor_adquisicion`, `descripcion`, `observaciones`, `cpu`, `ram`, `almacenamiento`, `ubicacion`, `codigo_anydesk`, `office_version`, `clave_windows`, `factura_documento`, `numero_opi`, `numero_factura`, `rut_proveedor`, `nombre_proveedor`, `datos_incompletos`, `campos_faltantes`, `created_at`, `updated_at`) VALUES (1,1,'LENOVO','Sin modelo',NULL,'10701001-12','activo',1,1,NULL,NULL,NULL,NULL,'Intel Pent. Silver J5040','8','SSD 240gb','Municipalidad 2do Piso',NULL,'T944Y-XN8KR-YY82G-YYWRB-VQWYK',NULL,NULL,NULL,NULL,NULL,NULL,0,NULL,'2026-04-11 04:00:00','2026-04-11 04:00:00'),(2,1,'TREETOP','Sin modelo',NULL,'INV-0001','activo',2,1,NULL,NULL,NULL,NULL,'i5-7400','8','SSD 240gb','2do piso',NULL,NULL,NULL,NULL,NULL,NULL,NULL,NULL,0,NULL,'2026-04-11 04:00:00','2026-04-11 04:00:00'),(3,1,'HP','Sin modelo',NULL,'10701001-11','activo',3,1,NULL,NULL,NULL,NULL,'i5-9500','8','SSD 500gb','Municipalidad 2do Piso',NULL,NULL,NULL,NULL,NULL,NULL,NULL,NULL,0,NULL,'2026-04-11 04:00:00','2026-04-11 04:00:00'),(4,1,'LENOVO','LOQ 15ARP',NULL,'INV-0002','activo',4,1,'2025-01-01',NULL,NULL,NULL,'RYZEN 5','16','512','INFORMATICA',NULL,NULL,NULL,NULL,NULL,NULL,NULL,NULL,0,NULL,'2026-04-11 04:00:00','2026-04-11 04:00:00'),(5,1,'LENOVO','LOQ 15ARP',NULL,'INV-0003','activo',5,1,NULL,NULL,NULL,NULL,'RYZEN 5','16','512','INFORMATICA',NULL,NULL,NULL,NULL,NULL,NULL,NULL,NULL,0,NULL,'2026-04-11 04:00:00','2026-04-11 04:00:00'),(6,4,'BROTHER','MFC-L6900DW',NULL,'INV-0004','activo',NULL,1,NULL,NULL,NULL,NULL,NULL,NULL,NULL,'Municipalidad 2do Piso',NULL,NULL,NULL,NULL,NULL,NULL,NULL,NULL,1,'[\"Encargado\"]','2026-04-11 04:00:00','2026-04-11 04:00:00'),(7,1,'HP','240 G7',NULL,'INV-0005','activo',6,1,NULL,NULL,NULL,NULL,'i3-8130U','4','SSD 120','Municipalidad 2do Piso',NULL,NULL,NULL,NULL,NULL,NULL,NULL,NULL,0,NULL,'2026-04-11 04:00:00','2026-04-11 04:00:00'),(8,1,'CLIO ADVANTAGE','Sin modelo',NULL,'INV-0006','activo',7,1,NULL,NULL,NULL,NULL,'i3-7100','8','SSD 240','Municipalidad 2do Piso',NULL,NULL,NULL,NULL,NULL,NULL,NULL,NULL,0,NULL,'2026-04-11 04:00:00','2026-04-11 04:00:00'),(9,1,'ASUS','EXPERTCENTER',NULL,'INV-0007','activo',8,1,NULL,NULL,NULL,NULL,'i3-1215U','8','SSD 512','Municipalidad 2do Piso',NULL,NULL,NULL,NULL,NULL,NULL,NULL,NULL,0,NULL,'2026-04-11 04:00:00','2026-04-11 04:00:00'),(10,1,'GEAR','Sin modelo',NULL,'INV-0008','activo',9,1,NULL,NULL,NULL,NULL,'RYZEN 5','24','512 / 1TB','Sala Monitoreo',NULL,NULL,NULL,NULL,NULL,NULL,NULL,NULL,0,NULL,'2026-04-11 04:00:00','2026-04-11 04:00:00'),(11,1,'Sin marca','Sin modelo',NULL,'INV-0009','activo',NULL,1,NULL,NULL,NULL,NULL,NULL,NULL,NULL,NULL,NULL,NULL,NULL,NULL,NULL,NULL,NULL,NULL,1,'[\"Encargado\", \"Marca\"]','2026-04-11 04:00:00','2026-04-11 04:00:00'),(12,1,'Sin marca','Sin modelo',NULL,'INV-0010','activo',NULL,1,NULL,NULL,NULL,NULL,NULL,NULL,NULL,NULL,NULL,NULL,NULL,NULL,NULL,NULL,NULL,NULL,1,'[\"Encargado\", \"Marca\"]','2026-04-11 04:00:00','2026-04-11 04:00:00'),(13,13,'DAHUA','Sin modelo',NULL,'INV-0011','activo',NULL,1,NULL,NULL,NULL,NULL,NULL,NULL,NULL,NULL,NULL,NULL,NULL,NULL,NULL,NULL,NULL,NULL,1,'[\"Encargado\"]','2026-04-11 04:00:00','2026-04-11 04:00:00'),(14,13,'HIKVISION','Sin modelo',NULL,'INV-0012','activo',NULL,1,NULL,NULL,NULL,NULL,NULL,NULL,NULL,NULL,NULL,NULL,NULL,NULL,NULL,NULL,NULL,NULL,1,'[\"Encargado\"]','2026-04-11 04:00:00','2026-04-11 04:00:00'),(15,6,'Sin marca','Sin modelo',NULL,'INV-0013','activo',NULL,1,NULL,NULL,NULL,NULL,NULL,NULL,NULL,NULL,NULL,NULL,NULL,NULL,NULL,NULL,NULL,NULL,1,'[\"Encargado\", \"Marca\"]','2026-04-11 04:00:00','2026-04-11 04:00:00'),(16,4,'BROTHER','L2700DW',NULL,'INV-0014','activo',NULL,1,NULL,NULL,NULL,NULL,NULL,NULL,NULL,NULL,NULL,NULL,NULL,NULL,NULL,NULL,NULL,NULL,1,'[\"Encargado\"]','2026-04-11 04:00:00','2026-04-11 04:00:00'),(17,1,'LENOVO','Sin modelo',NULL,'10701001-1','activo',10,2,NULL,NULL,NULL,NULL,'i3-1005G1','8','SSD 120gb - HDD 1tb','Municipalidad 2do Piso',NULL,NULL,NULL,NULL,NULL,NULL,NULL,NULL,0,NULL,'2026-04-11 04:00:00','2026-04-11 04:00:00'),(18,1,'HP','Sin modelo',NULL,'10701001-2','activo',11,2,NULL,NULL,NULL,NULL,'i5-9500','8','SSD 500gb','Municipalidad 2do Piso',NULL,NULL,NULL,NULL,NULL,NULL,NULL,NULL,0,NULL,'2026-04-11 04:00:00','2026-04-11 04:00:00'),(19,1,'APPLE','MACBOOK AIR 13 M4 2025',NULL,'INV-0015','activo',12,2,'2025-01-01',NULL,NULL,NULL,'M4','16','512','2 PISO MUNICIPALIDAD',NULL,NULL,NULL,NULL,NULL,NULL,NULL,NULL,0,NULL,'2026-04-11 04:00:00','2026-04-11 04:00:00'),(20,12,'LENOVO','P11',NULL,'INV-0016','activo',10,2,NULL,NULL,NULL,NULL,NULL,NULL,NULL,NULL,NULL,NULL,NULL,NULL,NULL,NULL,NULL,NULL,0,NULL,'2026-04-11 04:00:00','2026-04-11 04:00:00'),(21,4,'CANON','MF3010',NULL,'INV-0017','activo',11,2,NULL,NULL,NULL,NULL,NULL,NULL,NULL,'Plaza de armas (Odeón)',NULL,NULL,NULL,NULL,NULL,NULL,NULL,NULL,1,'[\"Encargado\"]','2026-04-11 04:00:00','2026-04-12 08:25:09'),(22,4,'EPSON','L3250',NULL,'INV-0018','activo',NULL,2,NULL,NULL,NULL,NULL,NULL,NULL,NULL,'Plaza de armas (Odeón)',NULL,NULL,NULL,NULL,NULL,NULL,NULL,NULL,1,'[\"Encargado\"]','2026-04-11 04:00:00','2026-04-11 04:00:00'),(23,4,'EPSON','L3250',NULL,'INV-0019','activo',NULL,2,NULL,NULL,NULL,NULL,NULL,NULL,NULL,'Municipalidad 2do Piso',NULL,NULL,NULL,NULL,NULL,NULL,NULL,NULL,1,'[\"Encargado\"]','2026-04-11 04:00:00','2026-04-11 04:00:00'),(24,13,'EPSON','ES-500W',NULL,'INV-0020','activo',NULL,2,NULL,NULL,NULL,NULL,NULL,NULL,NULL,'Municipalidad 2do Piso',NULL,NULL,NULL,NULL,NULL,NULL,NULL,NULL,1,'[\"Encargado\"]','2026-04-11 04:00:00','2026-04-11 04:00:00'),(25,4,'BROTHER','MFC-L6900DW',NULL,'INV-0021','activo',NULL,2,NULL,NULL,NULL,NULL,NULL,NULL,NULL,'Municipalidad 2do Piso',NULL,NULL,NULL,NULL,NULL,NULL,NULL,NULL,1,'[\"Encargado\"]','2026-04-11 04:00:00','2026-04-11 04:00:00'),(26,1,'ASUS','TUF GAMING F15 FX507VV-LP',NULL,'INV-0022','activo',13,2,NULL,NULL,NULL,NULL,'i7-13620H','16','512',NULL,NULL,NULL,NULL,NULL,NULL,NULL,NULL,NULL,0,NULL,'2026-04-11 04:00:00','2026-04-11 04:00:00'),(27,1,'ASUS','VIVOBOOK GO 14',NULL,'INV-0023','activo',14,2,NULL,NULL,NULL,NULL,'RYZEN 5 7520U','8','512','SALON WRU',NULL,NULL,NULL,NULL,NULL,NULL,NULL,NULL,0,NULL,'2026-04-11 04:00:00','2026-04-11 04:00:00'),(28,1,'ASUS','VIVOBOOK GO 14',NULL,'INV-0024','activo',15,2,NULL,NULL,NULL,NULL,'RYZEN 5 7520U','8','512','SALON WRU',NULL,NULL,NULL,NULL,NULL,NULL,NULL,NULL,0,NULL,'2026-04-11 04:00:00','2026-04-11 04:00:00'),(29,4,'BROTHER','MFC-L6900DW',NULL,'INV-0025','activo',16,3,NULL,NULL,NULL,NULL,NULL,NULL,NULL,'Municipalidad 1er Piso (Patio)',NULL,NULL,NULL,NULL,NULL,NULL,NULL,NULL,1,'[\"Encargado\"]','2026-04-11 04:00:00','2026-04-12 08:24:43'),(30,3,'BROTHER','HL-1202',NULL,'INV-0026','activo',NULL,3,NULL,NULL,NULL,NULL,NULL,NULL,NULL,'Municipalidad 1er Piso (Patio)',NULL,NULL,NULL,NULL,NULL,NULL,NULL,NULL,1,'[\"Encargado\"]','2026-04-11 04:00:00','2026-04-11 04:00:00'),(31,1,'CLIO','Sin modelo',NULL,'10701003-55','activo',16,3,NULL,NULL,NULL,NULL,'i3-7100','8','SSD 240gb','Municipalidad 1er Piso',NULL,NULL,NULL,NULL,NULL,NULL,NULL,NULL,0,NULL,'2026-04-11 04:00:00','2026-04-11 04:00:00'),(32,1,'Clio Advantage','Sin modelo',NULL,'N/A','activo',17,3,NULL,NULL,NULL,NULL,'i3-7100','8','SSD 240gb','Municipalidad 1er Piso',NULL,NULL,NULL,NULL,NULL,NULL,NULL,NULL,0,NULL,'2026-04-11 04:00:00','2026-04-11 04:00:00'),(33,1,'LENOVO','Sin modelo',NULL,'N/A-dup1','activo',18,3,NULL,NULL,NULL,NULL,'i3-1005G1','8','SSD 120gb - HDD 1tb','Municipalidad 1er Piso',NULL,'JDK83-N8TCQ-JPFTG-FV7DY-X4TBK',NULL,NULL,NULL,NULL,NULL,NULL,0,NULL,'2026-04-11 04:00:00','2026-04-11 04:00:00'),(34,1,'Sentey (PC-DAF-04)','Sin modelo',NULL,'N/A-dup2','activo',19,3,NULL,NULL,NULL,NULL,'i3-4130','4','HDD 500gb - HDD 500gb','Municipalidad 1er Piso',NULL,NULL,NULL,NULL,NULL,NULL,NULL,NULL,0,NULL,'2026-04-11 04:00:00','2026-04-11 04:00:00'),(35,1,'LENOVO','Sin modelo',NULL,'N/A-dup3','activo',20,3,NULL,NULL,NULL,NULL,'Intel Pent. Silver J5040','8','SSD 240gb','Municipalidad 1er Piso',NULL,NULL,NULL,NULL,NULL,NULL,NULL,NULL,0,NULL,'2026-04-11 04:00:00','2026-04-11 04:00:00'),(36,1,'Clio Advantage','Sin modelo',NULL,'N/A-dup4','activo',NULL,3,NULL,NULL,NULL,NULL,'i3-7100','4','SSD 240gb - HDD 1tb','Municipalidad 1er Piso',NULL,NULL,NULL,NULL,NULL,NULL,NULL,NULL,1,'[\"Encargado\"]','2026-04-11 04:00:00','2026-04-11 04:00:00'),(37,1,'ASUS','EXPERTCENTRE',NULL,'N/A-dup5','activo',21,3,NULL,NULL,NULL,NULL,'i3-1215U','8','SSD 240gb','Municipalidad 1er Piso',NULL,NULL,NULL,NULL,NULL,NULL,NULL,NULL,0,NULL,'2026-04-11 04:00:00','2026-04-11 04:00:00'),(38,1,'HP','Sin modelo',NULL,'N/A-dup6','activo',22,3,NULL,NULL,NULL,NULL,'i5-9500','8','SSD 500gb','Municipalidad 1er Piso',NULL,NULL,NULL,NULL,NULL,NULL,NULL,NULL,0,NULL,'2026-04-11 04:00:00','2026-04-11 04:00:00'),(39,1,'SENTEY','Sin modelo',NULL,'N/A-dup7','activo',23,3,NULL,NULL,NULL,NULL,'Intel Pentium G620','4','HDD 500gb','Municipalidad 1er Piso',NULL,NULL,NULL,NULL,NULL,NULL,NULL,NULL,0,NULL,'2026-04-11 04:00:00','2026-04-11 04:00:00'),(40,1,'PC-DAF-02','Sin modelo',NULL,'N/A-dup8','activo',24,3,NULL,NULL,NULL,NULL,'i3-4130','4','HDD 1tb','Municipalidad 1er Piso',NULL,NULL,NULL,NULL,NULL,NULL,NULL,NULL,0,NULL,'2026-04-11 04:00:00','2026-04-11 04:00:00'),(41,1,'TREETOP','Sin modelo',NULL,'INV-0027','activo',25,3,NULL,NULL,NULL,NULL,'Intel Pentium G620','4','HDD 500gb','Dpto. Tránsito',NULL,NULL,NULL,NULL,NULL,NULL,NULL,NULL,0,NULL,'2026-04-11 04:00:00','2026-04-11 04:00:00'),(42,1,'CLIO','Sin modelo',NULL,'INV-0028','activo',26,3,NULL,NULL,NULL,NULL,'i3-8100','8','SSD 120gb','Municipalidad 1er Piso (Patio)',NULL,NULL,NULL,NULL,NULL,NULL,NULL,NULL,0,NULL,'2026-04-11 04:00:00','2026-04-11 04:00:00'),(43,1,'ASUS','VIVOBOOK',NULL,'INV-0029','activo',27,3,NULL,NULL,NULL,NULL,'RYZEN 5 7520U','8','HDD 500gb','Municipalidad 1er Piso (Patio)',NULL,'732NH-DF7C3-DQDXG-8WF69-GJGBK',NULL,NULL,NULL,NULL,NULL,NULL,0,NULL,'2026-04-11 04:00:00','2026-04-11 04:00:00'),(44,1,'MICROLAB','Sin modelo',NULL,'INV-0030','activo',28,3,NULL,NULL,NULL,NULL,'i3-2100','8','SSD 240gb','Municipalidad 1er Piso (Patio)',NULL,NULL,NULL,NULL,NULL,NULL,NULL,NULL,0,NULL,'2026-04-11 04:00:00','2026-04-11 04:00:00'),(45,1,'HP','Sin modelo',NULL,'N/A-dup9','activo',29,3,NULL,NULL,NULL,NULL,'i3-7020U','8','HDD 500gb','Municipalidad 1er Piso (Patio)',NULL,NULL,NULL,NULL,NULL,NULL,NULL,NULL,0,NULL,'2026-04-11 04:00:00','2026-04-11 04:00:00'),(46,1,'HP','Sin modelo',NULL,'N/A-dup10','activo',NULL,3,NULL,NULL,NULL,NULL,'i3-5005U','4','SSD 240gb','Municipalidad 1er Piso (Patio)',NULL,NULL,NULL,NULL,NULL,NULL,NULL,NULL,1,'[\"Encargado\"]','2026-04-11 04:00:00','2026-04-11 04:00:00'),(47,4,'BROTHER','MFC-L6900DW',NULL,'INV-0031','activo',NULL,3,NULL,NULL,NULL,NULL,NULL,NULL,NULL,'FINANZAS',NULL,NULL,NULL,NULL,NULL,NULL,NULL,NULL,1,'[\"Encargado\"]','2026-04-11 04:00:00','2026-04-11 04:00:00'),(48,4,'BROTHER','MFC-7460DN',NULL,'INV-0032','activo',NULL,3,NULL,NULL,NULL,NULL,NULL,NULL,NULL,'Municipalidad 1er Piso (Patio)',NULL,NULL,NULL,NULL,NULL,NULL,NULL,NULL,1,'[\"Encargado\"]','2026-04-11 04:00:00','2026-04-11 04:00:00'),(49,1,'MICROLAB','Sin modelo',NULL,'INV-0033','activo',30,3,NULL,NULL,NULL,NULL,'intel','2','HDD 500',NULL,NULL,NULL,NULL,NULL,NULL,NULL,NULL,NULL,0,NULL,'2026-04-11 04:00:00','2026-04-11 04:00:00'),(50,4,'HP','LaserJet Pro MFPM428FDW',NULL,'INV-0034','activo',NULL,3,NULL,NULL,NULL,NULL,NULL,NULL,NULL,'Municipalidad 1er Piso',NULL,NULL,NULL,NULL,NULL,NULL,NULL,NULL,1,'[\"Encargado\"]','2026-04-11 04:00:00','2026-04-11 04:00:00'),(51,3,'HP','Laser SEOLA-1802-01',NULL,'INV-0035','activo',NULL,3,NULL,NULL,NULL,NULL,NULL,NULL,NULL,'Municipalidad 1er Piso',NULL,NULL,NULL,NULL,NULL,NULL,NULL,NULL,1,'[\"Encargado\"]','2026-04-11 04:00:00','2026-04-11 04:00:00'),(52,4,'CANON','MF-3010',NULL,'INV-0036','activo',NULL,3,NULL,NULL,NULL,NULL,NULL,NULL,NULL,'Municipalidad 1er Piso',NULL,NULL,NULL,NULL,NULL,NULL,NULL,NULL,1,'[\"Encargado\"]','2026-04-11 04:00:00','2026-04-11 04:00:00'),(53,1,'LENOVO','Sin modelo',NULL,'N/A-dup11','activo',31,3,NULL,NULL,'Pendiente All in One',NULL,'i3-1215U','8','SSD 500gb',NULL,NULL,NULL,NULL,NULL,NULL,NULL,NULL,NULL,0,NULL,'2026-04-11 04:00:00','2026-04-11 04:00:00'),(54,3,'CANON','LBP6000',NULL,'INV-0037','activo',NULL,9,NULL,NULL,NULL,NULL,NULL,NULL,NULL,NULL,NULL,NULL,NULL,NULL,NULL,NULL,NULL,NULL,1,'[\"Encargado\"]','2026-04-11 04:00:00','2026-04-11 04:00:00'),(55,1,'HP','Sin modelo',NULL,'10701001-36','activo',32,4,NULL,NULL,NULL,NULL,'i5-9500','8','SSD 500gb','Municipalidad 2do Piso',NULL,NULL,NULL,NULL,NULL,NULL,NULL,NULL,0,NULL,'2026-04-11 04:00:00','2026-04-11 04:00:00'),(56,12,'APPLE','iPAD PRO 13',NULL,'INV-0038','activo',32,4,NULL,NULL,NULL,NULL,'M4','8','256',NULL,NULL,NULL,NULL,NULL,NULL,NULL,NULL,NULL,0,NULL,'2026-04-11 04:00:00','2026-04-11 04:00:00'),(57,4,'BROTHER','DCP-L5600DN',NULL,'INV-0039','activo',NULL,4,NULL,NULL,NULL,NULL,NULL,NULL,NULL,'Centro de la mujer',NULL,NULL,NULL,NULL,NULL,NULL,NULL,NULL,1,'[\"Encargado\"]','2026-04-11 04:00:00','2026-04-11 04:00:00'),(58,1,'CLIO','Sin modelo',NULL,'N/A-dup12','activo',33,4,NULL,NULL,NULL,NULL,'i3-8100','4','SSD 240gb','Municipalidad 1er Piso',NULL,NULL,NULL,NULL,NULL,NULL,NULL,NULL,0,NULL,'2026-04-11 04:00:00','2026-04-11 04:00:00'),(59,1,'Clio Advantage','Sin modelo',NULL,'N/A-dup13','activo',34,4,NULL,NULL,NULL,NULL,'i5-7400','4','SSD 240gb','Municipalidad 1er Piso',NULL,NULL,NULL,NULL,NULL,NULL,NULL,NULL,0,NULL,'2026-04-11 04:00:00','2026-04-11 04:00:00'),(60,1,'HP','Sin modelo',NULL,'N/A-dup14','activo',35,4,NULL,NULL,NULL,NULL,'Athlon Silver 3035U','4','SSD 240gb - HDD 1tb','Municipalidad 1er Piso',NULL,NULL,NULL,NULL,NULL,NULL,NULL,NULL,0,NULL,'2026-04-11 04:00:00','2026-04-11 04:00:00'),(61,1,'Sentey','Sin modelo',NULL,'N/A-dup15','activo',36,4,NULL,NULL,NULL,NULL,'Intel Pentium G3220','6','SSD 240gb','Municipalidad 1er Piso','1684992335','organizaciones@municipalidaddelebu233.onmicrosoft.com','HBKTX-GN4BY-WXHHX-C73F4-TVJXG',NULL,NULL,NULL,NULL,NULL,0,NULL,'2026-04-11 04:00:00','2026-04-11 04:00:00'),(62,1,'Sentey','Sin modelo',NULL,'N/A-dup16','activo',37,4,NULL,NULL,NULL,NULL,'Intel Pentium G2020','4','HDD 1tb - SSD 500gb','Municipalidad 1er Piso',NULL,NULL,NULL,NULL,NULL,NULL,NULL,NULL,0,NULL,'2026-04-11 04:00:00','2026-04-11 04:00:00'),(63,1,'HP','Sin modelo',NULL,'N/A-dup17','activo',38,4,NULL,NULL,NULL,NULL,'i3-1215U','8','SDD 500gb','Municipalidad 1er Piso',NULL,NULL,NULL,NULL,NULL,NULL,NULL,NULL,0,NULL,'2026-04-11 04:00:00','2026-04-11 04:00:00'),(64,1,'CLIO','Sin modelo',NULL,'N/A-dup18','activo',39,4,NULL,NULL,NULL,NULL,'i3-8100','8','SSD 240gb','Municipalidad 1er Piso',NULL,NULL,NULL,NULL,NULL,NULL,NULL,NULL,0,NULL,'2026-04-11 04:00:00','2026-04-11 04:00:00'),(65,1,'Sentey','Sin modelo',NULL,'N/A-dup19','activo',40,4,NULL,NULL,NULL,NULL,'Intel Pentium G645','4','SSD 240gb','Municipalidad 1er Piso',NULL,NULL,NULL,NULL,NULL,NULL,NULL,NULL,0,NULL,'2026-04-11 04:00:00','2026-04-11 04:00:00'),(66,1,'LENOVO','Sin modelo',NULL,'N/A-dup20','activo',41,4,NULL,NULL,NULL,NULL,'i3- 4150','4','SSD 240gb','Municipalidad 1er Piso',NULL,NULL,NULL,NULL,NULL,NULL,NULL,NULL,0,NULL,'2026-04-11 04:00:00','2026-04-11 04:00:00'),(67,1,'CLIO','Sin modelo',NULL,'N/A-dup21','activo',42,4,NULL,NULL,NULL,NULL,'i3-7100','4','HDD1tb','Municipalidad 1er Piso',NULL,NULL,NULL,NULL,NULL,NULL,NULL,NULL,0,NULL,'2026-04-11 04:00:00','2026-04-11 04:00:00'),(68,1,'SENTEY','Sin modelo',NULL,'N/A-dup22','activo',43,4,NULL,NULL,NULL,NULL,'Intel Pentium G620','4','SSD 240gb','Municipalidad 1er Piso',NULL,NULL,NULL,NULL,NULL,NULL,NULL,NULL,0,NULL,'2026-04-11 04:00:00','2026-04-11 04:00:00'),(69,1,'HP','Sin modelo',NULL,'N/A-dup23','activo',44,4,NULL,NULL,NULL,NULL,'AMD A9-9425 R5','4','SSD 120gb - HDD1 tb','Municipalidad 1er Piso',NULL,NULL,NULL,NULL,NULL,NULL,NULL,NULL,0,NULL,'2026-04-11 04:00:00','2026-04-11 04:00:00'),(70,1,'LENOVO','Sin modelo',NULL,'N/A-dup24','activo',45,4,NULL,NULL,'No encendió (Lluvia)',NULL,'i5','?','?','Municipalidad 1er Piso',NULL,NULL,NULL,NULL,NULL,NULL,NULL,NULL,0,NULL,'2026-04-11 04:00:00','2026-04-11 04:00:00'),(71,1,'SENTEY','Sin modelo',NULL,'N/A-dup25','activo',46,4,NULL,NULL,'No encendió (Lluvia)',NULL,'Intel Pentium','?','?','Municipalidad 1er Piso',NULL,NULL,NULL,NULL,NULL,NULL,NULL,NULL,0,NULL,'2026-04-11 04:00:00','2026-04-11 04:00:00'),(72,1,'HP','Sin modelo',NULL,'N/A-dup26','activo',47,4,NULL,NULL,NULL,NULL,'i3-6006U','4','SSD 240gb','Municipalidad 1er Piso (Patio)',NULL,NULL,NULL,NULL,NULL,NULL,NULL,NULL,0,NULL,'2026-04-11 04:00:00','2026-04-11 04:00:00'),(73,13,'Sin marca','Sin modelo',NULL,'INV-0040','activo',48,4,NULL,NULL,NULL,NULL,NULL,NULL,NULL,NULL,NULL,NULL,NULL,NULL,NULL,NULL,NULL,NULL,1,'[\"Marca\"]','2026-04-11 04:00:00','2026-04-11 04:00:00'),(74,4,'BROTHER','MFC-L2740DW',NULL,'INV-0041','activo',NULL,4,NULL,NULL,NULL,NULL,NULL,NULL,NULL,'Municipalidad 1er Piso',NULL,NULL,NULL,NULL,NULL,NULL,NULL,NULL,1,'[\"Encargado\"]','2026-04-11 04:00:00','2026-04-11 04:00:00'),(75,4,'BROTHER','MFC-L6900DW',NULL,'INV-0042','activo',NULL,4,NULL,NULL,NULL,NULL,NULL,NULL,NULL,'Municipalidad DIDECO',NULL,NULL,NULL,NULL,NULL,NULL,NULL,NULL,1,'[\"Encargado\"]','2026-04-11 04:00:00','2026-04-11 04:00:00'),(76,1,'CLIO','Sin modelo',NULL,'N/A-dup27','activo',49,5,NULL,NULL,NULL,NULL,'Intel Pent. G2030','6','SSD 240gb','ANEXO CONTROL','Anydesk instalado, error conexión','seccontrol@municipalidaddelebu233.onmicrosoft.com','4VDDT-NGVYC-X9GDF-VD22F-TVJXG',NULL,NULL,NULL,NULL,NULL,0,NULL,'2026-04-11 04:00:00','2026-04-11 04:00:00'),(77,1,'ASUS','EXPERT CENTER',NULL,'INV-0043','activo',50,5,NULL,NULL,NULL,NULL,'i3-1215U','8','512','ANEXO CONTROL',NULL,NULL,NULL,NULL,NULL,NULL,NULL,NULL,0,NULL,'2026-04-11 04:00:00','2026-04-11 04:00:00'),(78,4,'BROTHER','MFC-L2700DW',NULL,'INV-0044','activo',NULL,5,NULL,NULL,NULL,NULL,NULL,NULL,NULL,'ANEXO CONTROL',NULL,NULL,NULL,NULL,NULL,NULL,NULL,NULL,1,'[\"Encargado\"]','2026-04-11 04:00:00','2026-04-11 04:00:00'),(79,1,'ASUS','EXPERT CENTER',NULL,'INV-0045','activo',51,5,NULL,NULL,NULL,NULL,'i3-1215U','8','512','ANEXO CONTROL',NULL,NULL,NULL,NULL,NULL,NULL,NULL,NULL,0,NULL,'2026-04-11 04:00:00','2026-04-11 04:00:00'),(80,1,'HP','240 G8',NULL,'INV-0046','activo',50,5,NULL,NULL,NULL,NULL,'i3-1115G4','8','480','ANEXO CONTROL',NULL,NULL,NULL,NULL,NULL,NULL,NULL,NULL,0,NULL,'2026-04-11 04:00:00','2026-04-11 04:00:00'),(81,1,'DELL','LATITUDE 7490',NULL,'INV-0047','activo',51,5,NULL,NULL,NULL,NULL,'i5-8250U','8','240','ANEXO CONTROL',NULL,NULL,NULL,NULL,NULL,NULL,NULL,NULL,0,NULL,'2026-04-11 04:00:00','2026-04-11 04:00:00'),(82,6,'AOC','E2070Swn',NULL,'INV-0048','activo',49,5,NULL,NULL,NULL,NULL,NULL,NULL,NULL,'ANEXO CONTROL',NULL,NULL,NULL,NULL,NULL,NULL,NULL,NULL,0,NULL,'2026-04-11 04:00:00','2026-04-11 04:00:00'),(83,1,'LENOVO','Sin modelo',NULL,'INV-0049','activo',29,5,NULL,NULL,NULL,NULL,NULL,NULL,NULL,'DIRECCION DE CONTROL',NULL,NULL,NULL,NULL,NULL,NULL,NULL,NULL,0,NULL,'2026-04-11 04:00:00','2026-04-11 04:00:00'),(84,4,'HP','M428FDW',NULL,'INV-0050','activo',29,5,NULL,NULL,NULL,NULL,NULL,NULL,NULL,'DIRECCION DE CONTROL',NULL,NULL,NULL,NULL,NULL,NULL,NULL,NULL,0,NULL,'2026-04-11 04:00:00','2026-04-11 04:00:00'),(85,4,'CANON','MF-3010',NULL,'INV-0051','activo',NULL,6,NULL,NULL,NULL,NULL,NULL,NULL,NULL,'Municipalidad 1er Piso',NULL,NULL,NULL,NULL,NULL,NULL,NULL,NULL,1,'[\"Encargado\"]','2026-04-11 04:00:00','2026-04-11 04:00:00'),(86,1,'LENOVO','Sin modelo',NULL,'N/A-dup28','activo',52,6,NULL,NULL,NULL,NULL,'Intel Pent. Silver J5040','8','SSD 240gb','Municipalidad 1er Piso',NULL,NULL,NULL,NULL,NULL,NULL,NULL,NULL,0,NULL,'2026-04-11 04:00:00','2026-04-11 04:00:00'),(87,1,'LENOVO','Sin modelo',NULL,'N/A-dup29','activo',53,6,NULL,NULL,NULL,NULL,'Intel Pent. Silver J5040','8','SSD 240gb','Municipalidad 1er Piso',NULL,NULL,NULL,NULL,NULL,NULL,NULL,NULL,0,NULL,'2026-04-11 04:00:00','2026-04-11 04:00:00'),(88,1,'LENOVO','Sin modelo',NULL,'10701001-14','activo',54,6,NULL,NULL,NULL,NULL,'i3-1005G1','8','SSD 120gb - HDD 1tb','Municipalidad 1er Piso',NULL,NULL,NULL,NULL,NULL,NULL,NULL,NULL,0,NULL,'2026-04-11 04:00:00','2026-04-11 04:00:00'),(89,1,'LENOVO','Sin modelo',NULL,'INV-0052','activo',55,6,NULL,NULL,NULL,NULL,'Intel Pent. Silver J5040','8','SSD 240gb','Municipalidad 1er Piso (Patio)',NULL,NULL,NULL,NULL,NULL,NULL,NULL,NULL,0,NULL,'2026-04-11 04:00:00','2026-04-11 04:00:00'),(90,1,'HP','Sin modelo',NULL,'INV-0053','activo',56,6,NULL,NULL,NULL,NULL,'i5-9500','8','HDD 500gb','Municipalidad 1er Piso (Patio)',NULL,NULL,NULL,NULL,NULL,NULL,NULL,NULL,0,NULL,'2026-04-11 04:00:00','2026-04-11 04:00:00'),(91,1,'HP','Sin modelo',NULL,'INV-0054','activo',57,6,NULL,NULL,NULL,NULL,'i5-9500','8','HDD 500gb','Municipalidad 1er Piso (Patio)',NULL,NULL,NULL,NULL,NULL,NULL,NULL,NULL,0,NULL,'2026-04-11 04:00:00','2026-04-11 04:00:00'),(92,1,'HP','Sin modelo',NULL,'INV-0055','activo',58,6,NULL,NULL,NULL,NULL,'i5-9500','8','HDD 500gb','Municipalidad 1er Piso (Patio)',NULL,NULL,NULL,NULL,NULL,NULL,NULL,NULL,0,NULL,'2026-04-11 04:00:00','2026-04-11 04:00:00'),(93,4,'BROTHER','MFC-L6900DW',NULL,'INV-0056','activo',NULL,6,NULL,NULL,NULL,NULL,NULL,NULL,NULL,'Municipalidad 1er Piso (Patio)',NULL,NULL,NULL,NULL,NULL,NULL,NULL,NULL,1,'[\"Encargado\"]','2026-04-11 04:00:00','2026-04-11 04:00:00'),(94,4,'CANON','MF3010',NULL,'INV-0057','activo',NULL,6,NULL,NULL,NULL,NULL,NULL,NULL,NULL,'Municipalidad 1er Piso (Patio)',NULL,NULL,NULL,NULL,NULL,NULL,NULL,NULL,1,'[\"Encargado\"]','2026-04-11 04:00:00','2026-04-11 04:00:00'),(95,4,'BROTHER','MFC-L2700DW',NULL,'INV-0058','activo',NULL,6,NULL,NULL,NULL,NULL,NULL,NULL,NULL,'Municipalidad 1er Piso',NULL,NULL,NULL,NULL,NULL,NULL,NULL,NULL,1,'[\"Encargado\"]','2026-04-11 04:00:00','2026-04-11 04:00:00'),(96,4,'BROTHER','MFC-L5915-DW',NULL,'INV-0059','activo',NULL,7,'2025-09-01',NULL,NULL,NULL,NULL,NULL,NULL,'SEGUNDO PISO DOM',NULL,NULL,NULL,NULL,NULL,NULL,NULL,NULL,1,'[\"Encargado\"]','2026-04-11 04:00:00','2026-04-11 04:00:00'),(97,4,'EPSON','Sin modelo',NULL,'INV-0060','activo',NULL,7,'2025-09-01',NULL,NULL,NULL,'L3250',NULL,NULL,'SECRETARIA DOM',NULL,NULL,NULL,NULL,NULL,NULL,NULL,NULL,1,'[\"Encargado\"]','2026-04-11 04:00:00','2026-04-11 04:00:00'),(98,4,'BROTHER','MFC-L5900DW',NULL,'INV-0061','activo',NULL,7,NULL,NULL,NULL,NULL,NULL,NULL,NULL,'SEGUNDO PISO DOM',NULL,NULL,NULL,NULL,NULL,NULL,NULL,NULL,1,'[\"Encargado\"]','2026-04-11 04:00:00','2026-04-11 04:00:00'),(99,1,'LENOVO','LOQ 15ARP',NULL,'INV-0062','activo',NULL,7,'2025-01-01',NULL,NULL,NULL,'AMD Ryzen 7 7435HS','24','512','DOM 2 PISO Calle Perez',NULL,NULL,NULL,NULL,NULL,NULL,NULL,NULL,1,'[\"Encargado\"]','2026-04-11 04:00:00','2026-04-11 04:00:00'),(100,1,'LENOVO','LOQ 15ARP',NULL,'INV-0063','activo',59,7,'2025-01-01',NULL,NULL,NULL,'AMD Ryzen 7 7435HS','24','512','DOM 2 PISO Calle Perez',NULL,NULL,NULL,NULL,NULL,NULL,NULL,NULL,0,NULL,'2026-04-11 04:00:00','2026-04-11 04:00:00'),(101,1,'HP','Sin modelo',NULL,'INV-0064','activo',60,7,NULL,NULL,NULL,NULL,NULL,NULL,NULL,NULL,NULL,NULL,NULL,NULL,NULL,NULL,NULL,NULL,0,NULL,'2026-04-11 04:00:00','2026-04-11 04:00:00'),(102,1,'ADVANTAGE','Sin modelo',NULL,'INV-0065','activo',61,7,NULL,NULL,NULL,NULL,'i3-7100','4','SSD 240','DOM 1er PISO',NULL,NULL,NULL,NULL,NULL,NULL,NULL,NULL,0,NULL,'2026-04-11 04:00:00','2026-04-11 04:00:00'),(103,1,'?','Sin modelo',NULL,'INV-0066','activo',62,7,NULL,NULL,NULL,NULL,'i3-4130','4','HDD 500gb','DOM 1er PISO',NULL,NULL,NULL,NULL,NULL,NULL,NULL,NULL,0,NULL,'2026-04-11 04:00:00','2026-04-11 04:00:00'),(104,1,'SENTEY','Sin modelo',NULL,'INV-0067','activo',63,7,NULL,NULL,NULL,NULL,'i3-4130','4','SSD 240 + 500HDD','DOM 1er PISO',NULL,NULL,NULL,NULL,NULL,NULL,NULL,NULL,0,NULL,'2026-04-11 04:00:00','2026-04-11 04:00:00'),(105,1,'LENOVO','Sin modelo',NULL,'INV-0068','activo',64,7,NULL,NULL,NULL,NULL,'i3-1215U','8','SSD 512','DOM 2do PISO',NULL,NULL,NULL,NULL,NULL,NULL,NULL,NULL,0,NULL,'2026-04-11 04:00:00','2026-04-11 04:00:00'),(106,1,'ADVANTAGE','Sin modelo',NULL,'INV-0069','activo',65,7,NULL,NULL,NULL,NULL,'i3-7100','4','SSD 240','DOM 2do PISO',NULL,NULL,NULL,NULL,NULL,NULL,NULL,NULL,0,NULL,'2026-04-11 04:00:00','2026-04-11 04:00:00'),(107,1,'ADVANTAGE','Sin modelo',NULL,'INV-0070','activo',66,7,NULL,NULL,NULL,NULL,'i5-7400','4','SSD 240','DOM 2do PISO',NULL,NULL,NULL,NULL,NULL,NULL,NULL,NULL,0,NULL,'2026-04-11 04:00:00','2026-04-11 04:00:00'),(108,1,'ADVANTAGE','Sin modelo',NULL,'INV-0071','activo',59,7,NULL,NULL,NULL,NULL,'i3-2100','8','SSD 240','DOM 2do PISO',NULL,NULL,NULL,NULL,NULL,NULL,NULL,NULL,0,NULL,'2026-04-11 04:00:00','2026-04-11 04:00:00'),(109,1,'HP','Sin modelo',NULL,'INV-0072','activo',67,7,NULL,NULL,NULL,NULL,'i3-8130u','4','SSD 120','DOM 2do PISO',NULL,NULL,NULL,NULL,NULL,NULL,NULL,NULL,0,NULL,'2026-04-11 04:00:00','2026-04-11 04:00:00'),(110,1,'Sin marca','Sin modelo',NULL,'INV-0073','activo',68,7,NULL,NULL,NULL,NULL,NULL,NULL,NULL,'DOM 2do PISO',NULL,NULL,NULL,NULL,NULL,NULL,NULL,NULL,1,'[\"Marca\"]','2026-04-11 04:00:00','2026-04-11 04:00:00'),(111,1,'HP','Sin modelo',NULL,'INV-0074','activo',69,8,NULL,NULL,NULL,NULL,'i5-9500','8','SSD 500gb',NULL,NULL,NULL,NULL,NULL,NULL,NULL,NULL,NULL,0,NULL,'2026-04-11 04:00:00','2026-04-11 04:00:00'),(112,1,'HP','Sin modelo',NULL,'INV-0075','activo',70,8,NULL,NULL,NULL,NULL,NULL,NULL,NULL,NULL,NULL,NULL,NULL,NULL,NULL,NULL,NULL,NULL,0,NULL,'2026-04-11 04:00:00','2026-04-11 04:00:00'),(113,1,'SENTEY','Sin modelo',NULL,'INV-0076','activo',71,8,NULL,NULL,NULL,NULL,'Intel Pentium G645','4','SSD 240gb',NULL,NULL,NULL,NULL,NULL,NULL,NULL,NULL,NULL,0,NULL,'2026-04-11 04:00:00','2026-04-11 04:00:00'),(114,1,'LENOVO','Sin modelo',NULL,'INV-0077','activo',72,8,NULL,NULL,NULL,NULL,'i3-1005G1','8','SSD 120gb - HDD 1tb',NULL,NULL,NULL,NULL,NULL,NULL,NULL,NULL,NULL,0,NULL,'2026-04-11 04:00:00','2026-04-11 04:00:00'),(115,1,'LENOVO','Sin modelo',NULL,'INV-0078','activo',NULL,8,'2025-01-01',NULL,NULL,NULL,'Intel Pent. Gold 8505','8','SSD 240gb',NULL,NULL,NULL,NULL,NULL,NULL,NULL,NULL,NULL,1,'[\"Encargado\"]','2026-04-11 04:00:00','2026-04-11 04:00:00'),(116,1,'LENOVO','Sin modelo',NULL,'INV-0079','activo',NULL,8,'2025-01-01',NULL,NULL,NULL,'Intel Pent. Gold 8505','8','SSD 240gb',NULL,NULL,NULL,NULL,NULL,NULL,NULL,NULL,NULL,1,'[\"Encargado\"]','2026-04-11 04:00:00','2026-04-11 04:00:00'),(117,1,'LENOVO','Sin modelo',NULL,'INV-0080','activo',NULL,8,'2025-01-01',NULL,NULL,NULL,'Intel Pent. Gold 8505','8','SSD 240gb',NULL,NULL,NULL,NULL,NULL,NULL,NULL,NULL,NULL,1,'[\"Encargado\"]','2026-04-11 04:00:00','2026-04-11 04:00:00'),(118,1,'LENOVO','Sin modelo',NULL,'INV-0081','activo',NULL,8,'2025-01-01',NULL,NULL,NULL,'Intel Pent. Gold 8505','8','SSD 240gb',NULL,NULL,NULL,NULL,NULL,NULL,NULL,NULL,NULL,1,'[\"Encargado\"]','2026-04-11 04:00:00','2026-04-11 04:00:00'),(119,1,'LENOVO','Sin modelo',NULL,'INV-0082','activo',NULL,8,'2025-01-01',NULL,NULL,NULL,'Intel Pent. Gold 8505','8','SSD 240gb',NULL,NULL,NULL,NULL,NULL,NULL,NULL,NULL,NULL,1,'[\"Encargado\"]','2026-04-11 04:00:00','2026-04-11 04:00:00'),(120,1,'LENOVO','Sin modelo',NULL,'INV-0083','activo',NULL,8,'2025-01-01',NULL,NULL,NULL,'Intel Pent. Gold 8505','8','SSD 240gb',NULL,NULL,NULL,NULL,NULL,NULL,NULL,NULL,NULL,1,'[\"Encargado\"]','2026-04-11 04:00:00','2026-04-11 04:00:00'),(121,1,'MSI','Sin modelo',NULL,'INV-0084','activo',NULL,8,NULL,NULL,'Funcionando',NULL,'Intel Atom DS25','4','HDD 270gb - HDD 195gb',NULL,NULL,NULL,NULL,NULL,NULL,NULL,NULL,NULL,1,'[\"Encargado\"]','2026-04-11 04:00:00','2026-04-11 04:00:00'),(122,1,'MSI','Sin modelo',NULL,'INV-0085','activo',NULL,8,NULL,NULL,'Funcionando',NULL,'Intel Atom DS25','4','HDD 270gb - HDD 195gb',NULL,NULL,NULL,NULL,NULL,NULL,NULL,NULL,NULL,1,'[\"Encargado\"]','2026-04-11 04:00:00','2026-04-11 04:00:00'),(123,1,'MSI','Sin modelo',NULL,'INV-0086','activo',NULL,8,NULL,NULL,'Funcionando',NULL,'Intel Atom DS25','4','HDD 270gb - HDD 195gb',NULL,NULL,NULL,NULL,NULL,NULL,NULL,NULL,NULL,1,'[\"Encargado\"]','2026-04-11 04:00:00','2026-04-11 04:00:00'),(124,1,'MSI','Sin modelo',NULL,'INV-0087','activo',NULL,8,NULL,NULL,'Reservado',NULL,'Intel Atom DS25','4','HDD 270gb - HDD 195gb',NULL,NULL,NULL,NULL,NULL,NULL,NULL,NULL,NULL,1,'[\"Encargado\"]','2026-04-11 04:00:00','2026-04-11 04:00:00'),(125,1,'MSI','Sin modelo',NULL,'INV-0088','activo',NULL,8,NULL,NULL,'Reservado',NULL,'Intel Atom DS25','4','HDD 270gb - HDD 195gb',NULL,NULL,NULL,NULL,NULL,NULL,NULL,NULL,NULL,1,'[\"Encargado\"]','2026-04-11 04:00:00','2026-04-11 04:00:00'),(126,1,'MSI','Sin modelo',NULL,'INV-0089','activo',NULL,8,NULL,NULL,'Reservado',NULL,'Intel Atom DS25','4','HDD 270gb - HDD 195gb',NULL,NULL,NULL,NULL,NULL,NULL,NULL,NULL,NULL,1,'[\"Encargado\"]','2026-04-11 04:00:00','2026-04-11 04:00:00'),(127,1,'MSI','Sin modelo',NULL,'INV-0090','activo',NULL,8,NULL,NULL,'Reservado',NULL,'Intel Atom DS25','4','HDD 270gb - HDD 195gb',NULL,NULL,NULL,NULL,NULL,NULL,NULL,NULL,NULL,1,'[\"Encargado\"]','2026-04-11 04:00:00','2026-04-11 04:00:00'),(128,1,'MSI','Sin modelo',NULL,'INV-0091','activo',NULL,8,NULL,NULL,'Reservado',NULL,'Intel Atom DS25','4','HDD 270gb - HDD 195gb',NULL,NULL,NULL,NULL,NULL,NULL,NULL,NULL,NULL,1,'[\"Encargado\"]','2026-04-11 04:00:00','2026-04-11 04:00:00'),(129,1,'MSI','Sin modelo',NULL,'INV-0092','activo',NULL,8,NULL,NULL,'Reservado',NULL,'Intel Atom DS25','4','HDD 270gb - HDD 195gb',NULL,NULL,NULL,NULL,NULL,NULL,NULL,NULL,NULL,1,'[\"Encargado\"]','2026-04-11 04:00:00','2026-04-11 04:00:00'),(130,1,'LENOVO','Sin modelo',NULL,'INV-0093','activo',73,8,NULL,NULL,NULL,NULL,'i3-1005G1','8','SSD 120gb - HDD 1tb',NULL,NULL,NULL,NULL,NULL,NULL,NULL,NULL,NULL,0,NULL,'2026-04-11 04:00:00','2026-04-11 04:00:00'),(131,1,'HP','Sin modelo',NULL,'INV-0094','activo',74,8,NULL,NULL,NULL,NULL,'i5-9500','8','HDD 500gb',NULL,NULL,NULL,NULL,NULL,NULL,NULL,NULL,NULL,0,NULL,'2026-04-11 04:00:00','2026-04-11 04:00:00'),(132,3,'BROTHER','HL-L3270CDW',NULL,'INV-0095','activo',NULL,8,NULL,NULL,NULL,NULL,NULL,NULL,NULL,NULL,NULL,NULL,NULL,NULL,NULL,NULL,NULL,NULL,1,'[\"Encargado\"]','2026-04-11 04:00:00','2026-04-11 04:00:00'),(133,4,'BROTHER','DCP-T710W',NULL,'INV-0096','activo',NULL,8,NULL,NULL,NULL,NULL,NULL,NULL,NULL,NULL,NULL,NULL,NULL,NULL,NULL,NULL,NULL,NULL,1,'[\"Encargado\"]','2026-04-11 04:00:00','2026-04-11 04:00:00'),(134,4,'EPSON','L5590',NULL,'INV-0097','activo',NULL,8,NULL,NULL,NULL,NULL,NULL,NULL,NULL,NULL,NULL,NULL,NULL,NULL,NULL,NULL,NULL,NULL,1,'[\"Encargado\"]','2026-04-11 04:00:00','2026-04-11 04:00:00'),(135,4,'HP','SEOLA-1800-03',NULL,'INV-0098','activo',NULL,8,NULL,NULL,NULL,NULL,NULL,NULL,NULL,NULL,NULL,NULL,NULL,NULL,NULL,NULL,NULL,NULL,1,'[\"Encargado\"]','2026-04-11 04:00:00','2026-04-11 04:00:00'),(136,4,'BROTHER','MFC-L2700DW',NULL,'INV-0099','activo',NULL,8,NULL,NULL,NULL,NULL,NULL,NULL,NULL,NULL,NULL,NULL,NULL,NULL,NULL,NULL,NULL,NULL,1,'[\"Encargado\"]','2026-04-11 04:00:00','2026-04-11 04:00:00'),(137,4,'BROTHER','MFC-L2700DW',NULL,'INV-0100','activo',NULL,8,NULL,NULL,NULL,NULL,NULL,NULL,NULL,NULL,NULL,NULL,NULL,NULL,NULL,NULL,NULL,NULL,1,'[\"Encargado\"]','2026-04-11 04:00:00','2026-04-11 04:00:00'),(138,1,'LENOVO','Sin modelo',NULL,'N/A-dup30','activo',NULL,10,NULL,NULL,NULL,NULL,'i3-1005G1','8','SSD 120gb - HDD 1tb','Plaza de armas (Odeón)',NULL,NULL,NULL,NULL,NULL,NULL,NULL,NULL,1,'[\"Encargado\"]','2026-04-11 04:00:00','2026-04-11 04:00:00'),(139,1,'LENOVO','Sin modelo',NULL,'INV-0101','activo',75,11,NULL,NULL,'ROBO JPL FECHA 14/07/25',NULL,'i5-10210U','8','SSD 240gb',NULL,NULL,NULL,NULL,NULL,NULL,NULL,NULL,NULL,0,NULL,'2026-04-11 04:00:00','2026-04-11 04:00:00'),(140,1,'LENOVO','Sin modelo',NULL,'INV-0102','activo',76,11,NULL,NULL,'ROBO JPL FECHA 14/07/25',NULL,'i5-10210U','16','HDD 500gb',NULL,NULL,NULL,NULL,NULL,NULL,NULL,NULL,NULL,0,NULL,'2026-04-11 04:00:00','2026-04-11 04:00:00'),(141,1,'MICROLAB','Sin modelo',NULL,'INV-0103','activo',77,11,NULL,NULL,NULL,NULL,'i3-2100','4','HDD 500gb',NULL,'1463131686',NULL,NULL,NULL,NULL,NULL,NULL,NULL,0,NULL,'2026-04-11 04:00:00','2026-04-11 04:00:00'),(142,1,'HP','Sin modelo',NULL,'INV-0104','activo',78,11,NULL,NULL,NULL,NULL,'i3-1115G4','8','HDD 500gb',NULL,'1567605340',NULL,NULL,NULL,NULL,NULL,NULL,NULL,0,NULL,'2026-04-11 04:00:00','2026-04-11 04:00:00'),(143,1,'LENOVO','Sin modelo',NULL,'INV-0105','activo',NULL,11,NULL,NULL,NULL,NULL,'Intel Pent. B940','4','SSD 120gb',NULL,'1098644543',NULL,NULL,NULL,NULL,NULL,NULL,NULL,1,'[\"Encargado\"]','2026-04-11 04:00:00','2026-04-11 04:00:00'),(144,1,'LENOVO','Sin modelo',NULL,'INV-0106','activo',79,11,NULL,NULL,NULL,NULL,'i5-10210U','8','SSD 240gb',NULL,NULL,NULL,NULL,NULL,NULL,NULL,NULL,NULL,0,NULL,'2026-04-11 04:00:00','2026-04-11 04:00:00'),(145,1,'HP','Sin modelo',NULL,'INV-0107','activo',80,11,NULL,NULL,NULL,NULL,'i5-12500','16','SSD 500gb',NULL,'1530213712',NULL,NULL,NULL,NULL,NULL,NULL,NULL,0,NULL,'2026-04-11 04:00:00','2026-04-11 04:00:00'),(146,1,'ACER','Sin modelo',NULL,'INV-0108','activo',6,11,NULL,NULL,'No estaba presente',NULL,'i5-8250U','4','HDD 1tb',NULL,'ocupada',NULL,NULL,NULL,NULL,NULL,NULL,NULL,0,NULL,'2026-04-11 04:00:00','2026-04-11 04:00:00'),(147,1,'HP','Sin modelo',NULL,'INV-0109','activo',81,11,NULL,NULL,NULL,NULL,'i3-1215U','8','SSD 500gb',NULL,'1053768778',NULL,NULL,NULL,NULL,NULL,NULL,NULL,0,NULL,'2026-04-11 04:00:00','2026-04-11 04:00:00'),(148,1,'HP','Sin modelo',NULL,'INV-0110','activo',82,11,NULL,NULL,NULL,NULL,'i3-1215U','8','SSD 500gb',NULL,'1482271752',NULL,NULL,NULL,NULL,NULL,NULL,NULL,0,NULL,'2026-04-11 04:00:00','2026-04-11 04:00:00'),(149,4,'BROTHER','MFC-L6900DW',NULL,'INV-0111','activo',NULL,11,NULL,NULL,NULL,NULL,NULL,NULL,NULL,'JPL',NULL,NULL,NULL,NULL,NULL,NULL,NULL,NULL,1,'[\"Encargado\"]','2026-04-11 04:00:00','2026-04-11 04:00:00'),(150,4,'EPSON','L375',NULL,'INV-0112','activo',NULL,11,NULL,NULL,NULL,NULL,NULL,NULL,NULL,NULL,NULL,NULL,NULL,NULL,NULL,NULL,NULL,NULL,1,'[\"Encargado\"]','2026-04-11 04:00:00','2026-04-11 04:00:00'),(151,4,'EPSON','L3110',NULL,'INV-0113','activo',NULL,11,NULL,NULL,NULL,NULL,NULL,NULL,NULL,NULL,NULL,NULL,NULL,NULL,NULL,NULL,NULL,NULL,1,'[\"Encargado\"]','2026-04-11 04:00:00','2026-04-11 04:00:00'),(152,1,'SENTEY','Sin modelo',NULL,'INV-0114','activo',83,12,NULL,NULL,NULL,NULL,'Intel Pentium G620','6','SSD 240gb','Municipalidad 1er Piso (Patio)','Anydesk instalado, error conexión','67G8Y-WNB82-JXHJY-36BJQ-9767X',NULL,NULL,NULL,NULL,NULL,NULL,0,NULL,'2026-04-11 04:00:00','2026-04-11 04:00:00'),(153,1,'HP','Sin modelo',NULL,'INV-0115','activo',84,12,NULL,NULL,NULL,NULL,'i3-1115G4','8','SSD 240gb - HDD 1tb','Municipalidad 1er Piso (Patio)',NULL,NULL,NULL,NULL,NULL,NULL,NULL,NULL,0,NULL,'2026-04-11 04:00:00','2026-04-11 04:00:00'),(154,1,'HP','Sin modelo',NULL,'INV-0116','activo',85,12,NULL,NULL,NULL,NULL,'i5-7200U','4','SSD 240gb','Municipalidad 1er Piso (Patio)',NULL,NULL,NULL,NULL,NULL,NULL,NULL,NULL,0,NULL,'2026-04-11 04:00:00','2026-04-11 04:00:00'),(155,1,'LENOVO','Sin modelo',NULL,'INV-0117','activo',86,12,NULL,NULL,NULL,NULL,'Intel Pentium B940','4','SSD 240gb','Municipalidad 1er Piso (Patio)',NULL,NULL,NULL,NULL,NULL,NULL,NULL,NULL,0,NULL,'2026-04-11 04:00:00','2026-04-11 04:00:00'),(156,1,'LENOVO','IDEACENTRE AIO 3',NULL,'INV-0118','activo',87,12,NULL,NULL,'No ha venido hace 1 mes (No pude prender PC)',NULL,'i3-1005G1','8','128 + 1tb','Municipalidad 1er Piso (Patio)',NULL,NULL,NULL,NULL,NULL,NULL,NULL,NULL,0,NULL,'2026-04-11 04:00:00','2026-04-11 04:00:00'),(157,4,'BROTHER','MFC-L6900DW',NULL,'INV-0119','activo',NULL,12,NULL,NULL,NULL,NULL,NULL,NULL,NULL,'JURIDICO',NULL,NULL,NULL,NULL,NULL,NULL,NULL,NULL,1,'[\"Encargado\"]','2026-04-11 04:00:00','2026-04-11 04:00:00'),(158,1,'ASUS','EXPERTCENTER',NULL,'INV-0120','activo',88,12,NULL,NULL,NULL,NULL,'i3-1215U','8','SSD 512','Municipalidad 2do Piso',NULL,NULL,NULL,NULL,NULL,NULL,NULL,NULL,0,NULL,'2026-04-11 04:00:00','2026-04-11 04:00:00'),(159,4,'BROTHER','DCP-L5650DN',NULL,'INV-0121','activo',NULL,13,NULL,NULL,NULL,NULL,NULL,NULL,NULL,NULL,NULL,NULL,NULL,NULL,NULL,NULL,NULL,NULL,1,'[\"Encargado\"]','2026-04-11 04:00:00','2026-04-11 04:00:00'),(160,1,'LENOVO','IDEACENTRE AIO 3',NULL,'INV-0122','activo',NULL,13,NULL,NULL,NULL,NULL,'i3-1005G1','8','120 + 1TB',NULL,NULL,NULL,NULL,NULL,NULL,NULL,NULL,NULL,1,'[\"Encargado\"]','2026-04-11 04:00:00','2026-04-11 04:00:00'),(161,1,'LENOVO','Sin modelo',NULL,'N/A-dup31','activo',89,14,NULL,NULL,NULL,NULL,'i3-2100','4','SSD 240gb',NULL,NULL,NULL,NULL,NULL,NULL,NULL,NULL,NULL,0,NULL,'2026-04-11 04:00:00','2026-04-11 04:00:00'),(162,1,'LENOVO','IDEA CENTRE',NULL,'N/A-dup32','activo',90,14,NULL,NULL,NULL,NULL,'i3-1215U','8','SSD 500gb',NULL,NULL,NULL,NULL,NULL,NULL,NULL,NULL,NULL,0,NULL,'2026-04-11 04:00:00','2026-04-11 04:00:00'),(163,1,'LENOVO','LOQ 15ARP',NULL,'N/A-dup33','activo',91,14,'2025-01-01',NULL,NULL,NULL,'AMD Ryzen 7 7435HS','24','512','SECPLAN Calle Freire',NULL,NULL,NULL,NULL,NULL,NULL,NULL,NULL,0,NULL,'2026-04-11 04:00:00','2026-04-11 04:00:00'),(164,1,'LENOVO','LOQ 15ARP',NULL,'N/A-dup34','activo',92,14,'2025-01-01',NULL,NULL,NULL,'AMD Ryzen 7 7435HS','24','512','SECPLAN Calle Freire',NULL,NULL,NULL,NULL,NULL,NULL,NULL,NULL,0,NULL,'2026-04-11 04:00:00','2026-04-11 04:00:00'),(165,1,'LENOVO','LOQ 15ARP',NULL,'N/A-dup35','activo',93,14,'2025-01-01',NULL,NULL,NULL,'AMD Ryzen 7 7435HS','24','512','SECPLAN Calle Freire',NULL,NULL,NULL,NULL,NULL,NULL,NULL,NULL,0,NULL,'2026-04-11 04:00:00','2026-04-11 04:00:00'),(166,2,'LENOVO','LOQ 15ARP',NULL,'N/A-dup36','activo',94,14,'2025-01-01',NULL,NULL,NULL,'AMD Ryzen 7 7435HS','24','512','SECPLAN Calle Freire',NULL,NULL,NULL,NULL,NULL,NULL,NULL,NULL,0,NULL,'2026-04-11 04:00:00','2026-04-11 04:00:00'),(167,1,'LENOVO','Sin modelo',NULL,'N/A-dup37','activo',95,14,NULL,NULL,NULL,NULL,'i3-1215U','8','SSD 500gb',NULL,NULL,NULL,NULL,NULL,NULL,NULL,NULL,NULL,0,NULL,'2026-04-11 04:00:00','2026-04-11 04:00:00'),(168,4,'BROTHER','MFC-L6900DW',NULL,'INV-0123','activo',NULL,14,NULL,NULL,NULL,NULL,NULL,NULL,NULL,NULL,NULL,NULL,NULL,NULL,NULL,NULL,NULL,NULL,1,'[\"Encargado\"]','2026-04-11 04:00:00','2026-04-11 04:00:00'),(169,1,'HP','PAVILION PLUS 14-EH0101LA',NULL,'INV-0124','activo',96,14,NULL,NULL,NULL,NULL,'i7-1255U','16','SSD 500gb','SECPLAN Calle Freire',NULL,NULL,NULL,NULL,NULL,NULL,NULL,NULL,0,NULL,'2026-04-11 04:00:00','2026-04-11 04:00:00'),(170,1,'LENOVO','LOQ 15ARP',NULL,'INV-0125','activo',97,14,'2025-01-01',NULL,NULL,NULL,'AMD Ryzen 7 7435HS','24','512','SECPLAN Calle Freire',NULL,NULL,NULL,NULL,NULL,NULL,NULL,NULL,0,NULL,'2026-04-11 04:00:00','2026-04-11 04:00:00'),(171,4,'HP','SHNGC-1801-02',NULL,'INV-0126','activo',NULL,15,NULL,NULL,NULL,NULL,NULL,NULL,NULL,'Municipalidad 1er Piso',NULL,NULL,NULL,NULL,NULL,NULL,NULL,NULL,1,'[\"Encargado\"]','2026-04-11 04:00:00','2026-04-11 04:00:00'),(172,1,'HP','Sin modelo',NULL,'10701003105','activo',98,15,NULL,NULL,NULL,NULL,'AMD E1-6010','4','HDD 77gb - 71gb (160gb)','Municipalidad 1er Piso',NULL,NULL,NULL,NULL,NULL,NULL,NULL,NULL,0,NULL,'2026-04-11 04:00:00','2026-04-11 04:00:00'),(173,1,'LENOVO','Sin modelo',NULL,'10201002-13','activo',99,15,NULL,NULL,NULL,NULL,'Intel Pent. Gold 8505','8','SSD 240gb','Municipalidad 1er Piso',NULL,NULL,NULL,NULL,NULL,NULL,NULL,NULL,0,NULL,'2026-04-11 04:00:00','2026-04-11 04:00:00'),(174,1,'Clio Advantage','Sin modelo',NULL,'10701003-27','activo',100,15,NULL,NULL,NULL,NULL,'i3-7100','8','HDD 1tb','Municipalidad 2do Piso',NULL,NULL,NULL,NULL,NULL,NULL,NULL,NULL,0,NULL,'2026-04-11 04:00:00','2026-04-11 04:00:00'),(175,1,'LENOVO','Sin modelo',NULL,'N/A-dup38','activo',101,15,NULL,NULL,NULL,NULL,'i3-3220','8','HDD 500gb','Municipalidad 2do Piso',NULL,NULL,NULL,NULL,NULL,NULL,NULL,NULL,0,NULL,'2026-04-11 04:00:00','2026-04-11 04:00:00'),(176,1,'LENOVO','Sin modelo',NULL,'INV-0127','activo',102,15,NULL,NULL,NULL,NULL,'AMD','8','SSD 240gb',NULL,NULL,NULL,NULL,NULL,NULL,NULL,NULL,NULL,0,NULL,'2026-04-11 04:00:00','2026-04-11 04:00:00'),(177,1,'CLIO','Sin modelo',NULL,'N/A-dup39','activo',103,15,NULL,NULL,NULL,NULL,'i3-8100','8','SSD 240gb','Municipalidad 1er Piso',NULL,NULL,NULL,NULL,NULL,NULL,NULL,NULL,0,NULL,'2026-04-11 04:00:00','2026-04-11 04:00:00'),(178,4,'CANON','MF-264DW',NULL,'INV-0128','activo',NULL,15,NULL,NULL,NULL,NULL,NULL,NULL,NULL,'Municipalidad 1er Piso (Patio)',NULL,NULL,NULL,NULL,NULL,NULL,NULL,NULL,1,'[\"Encargado\"]','2026-04-11 04:00:00','2026-04-11 04:00:00'),(179,13,'EPSON','ES-500W',NULL,'INV-0129','activo',NULL,15,NULL,NULL,NULL,NULL,NULL,NULL,NULL,'Municipalidad 1er Piso (Patio)',NULL,NULL,NULL,NULL,NULL,NULL,NULL,NULL,1,'[\"Encargado\"]','2026-04-11 04:00:00','2026-04-11 04:00:00'),(180,13,'Escaner','??',NULL,'INV-0130','activo',NULL,15,NULL,NULL,NULL,NULL,NULL,NULL,NULL,'Municipalidad 1er Piso (Patio)',NULL,NULL,NULL,NULL,NULL,NULL,NULL,NULL,1,'[\"Encargado\"]','2026-04-11 04:00:00','2026-04-11 04:00:00'),(181,1,'LENOVO','V14 G4',NULL,'INV-0131','activo',104,15,NULL,NULL,NULL,NULL,'I5-13420H','8','512',NULL,NULL,NULL,NULL,NULL,NULL,NULL,NULL,NULL,0,NULL,'2026-04-11 04:00:00','2026-04-11 04:00:00'),(182,1,'LENOVO','V14 G4',NULL,'INV-0132','activo',105,15,NULL,NULL,NULL,NULL,'I5-13420H','8','512',NULL,NULL,NULL,NULL,NULL,NULL,NULL,NULL,NULL,0,NULL,'2026-04-11 04:00:00','2026-04-11 04:00:00'),(183,12,'LENOVO','TAB P12 TB370FU',NULL,'INV-0133','activo',106,15,NULL,NULL,NULL,NULL,'MEDIATEK DIMENSITY 7050','8','256',NULL,NULL,NULL,NULL,NULL,NULL,NULL,NULL,NULL,0,NULL,'2026-04-11 04:00:00','2026-04-11 04:00:00'),(184,12,'LENOVO','TAB P12 TB370FU',NULL,'INV-0134','activo',107,15,NULL,NULL,NULL,NULL,'MEDIATEK DIMENSITY 7050','8','256',NULL,NULL,NULL,NULL,NULL,NULL,NULL,NULL,NULL,0,NULL,'2026-04-11 04:00:00','2026-04-11 04:00:00'),(185,12,'LENOVO','TAB P12 TB370FU',NULL,'INV-0135','activo',108,15,NULL,NULL,NULL,NULL,'MEDIATEK DIMENSITY 7050','8','256',NULL,NULL,NULL,NULL,NULL,NULL,NULL,NULL,NULL,0,NULL,'2026-04-11 04:00:00','2026-04-11 04:00:00'),(186,1,'LENOVO','V14 G4',NULL,'INV-0136','activo',109,15,NULL,NULL,NULL,NULL,'I5-13420H','8','512',NULL,NULL,NULL,NULL,NULL,NULL,NULL,NULL,NULL,0,NULL,'2026-04-11 04:00:00','2026-04-11 04:00:00'),(187,4,'BROTHER','MFC-L6900DW',NULL,'INV-0137','activo',NULL,15,NULL,NULL,NULL,NULL,NULL,NULL,NULL,NULL,NULL,NULL,NULL,NULL,NULL,NULL,NULL,NULL,1,'[\"Encargado\"]','2026-04-11 04:00:00','2026-04-11 04:00:00'),(188,1,'HP','Sin modelo',NULL,'INV-0138','activo',110,16,NULL,NULL,NULL,NULL,'i3-8130U','4','SSD 120gb',NULL,NULL,NULL,NULL,NULL,NULL,NULL,NULL,NULL,0,NULL,'2026-04-11 04:00:00','2026-04-11 04:00:00'),(189,1,'LENOVO','LOQ 15ARP',NULL,'INV-0139','activo',111,16,'2025-09-01',NULL,NULL,NULL,'AMD Ryzen 7 7435HS','24','512','SSGG',NULL,'OFFICE 365',NULL,NULL,NULL,NULL,NULL,NULL,0,NULL,'2026-04-11 04:00:00','2026-04-11 04:00:00'),(190,13,'Sin marca','Sin modelo',NULL,'INV-0140','activo',112,16,NULL,NULL,NULL,NULL,NULL,NULL,NULL,NULL,NULL,NULL,NULL,NULL,NULL,NULL,NULL,NULL,1,'[\"Marca\"]','2026-04-11 04:00:00','2026-04-11 04:00:00'),(191,1,'Sin marca','Sin modelo',NULL,'INV-0141','activo',113,16,NULL,NULL,NULL,NULL,'intel core 2 duo E7500','2','HDD 500','ENTRADA SSGG',NULL,NULL,NULL,NULL,NULL,NULL,NULL,NULL,1,'[\"Marca\"]','2026-04-11 04:00:00','2026-04-11 04:00:00'),(192,1,'CLIO ADVANTAGE','Sin modelo',NULL,'INV-0142','activo',114,16,NULL,NULL,NULL,NULL,'i3-8100','8','HDD 1TB','ENTRADA SSGG',NULL,NULL,NULL,NULL,NULL,NULL,NULL,NULL,0,NULL,'2026-04-11 04:00:00','2026-04-11 04:00:00'),(193,1,'SENTEY','Sin modelo',NULL,'INV-0143','activo',115,16,NULL,NULL,NULL,NULL,'i7-3770','4','SSD 120 + HDD 1TB',NULL,NULL,NULL,NULL,NULL,NULL,NULL,NULL,NULL,0,NULL,'2026-04-11 04:00:00','2026-04-11 04:00:00'),(194,1,'LENOVO','IDEACENTRE AIO 3',NULL,'INV-0144','activo',116,16,NULL,NULL,NULL,NULL,'i3-1005G1','8','120 + 1TB',NULL,NULL,NULL,NULL,NULL,NULL,NULL,NULL,NULL,0,NULL,'2026-04-11 04:00:00','2026-04-11 04:00:00'),(195,1,'MICROLAB','Sin modelo',NULL,'INV-0145','activo',NULL,16,NULL,NULL,NULL,NULL,'i3-2100','4','SSD 240',NULL,NULL,NULL,NULL,NULL,NULL,NULL,NULL,NULL,1,'[\"Encargado\"]','2026-04-11 04:00:00','2026-04-11 04:00:00'),(196,13,'Sin marca','Sin modelo',NULL,'INV-0146','activo',NULL,17,NULL,NULL,NULL,NULL,NULL,NULL,NULL,NULL,NULL,NULL,NULL,NULL,NULL,NULL,NULL,NULL,1,'[\"Encargado\", \"Tipo Equipo\", \"Marca\"]','2026-04-11 04:00:00','2026-04-11 04:00:00'),(197,1,'LENOVO','IDEACENTRE AIO 3',NULL,'INV-0147','activo',117,17,NULL,NULL,NULL,NULL,'i3-1005G1','8','120 + 1TB','UDEL - MACKAY 448',NULL,NULL,NULL,NULL,NULL,NULL,NULL,NULL,0,NULL,'2026-04-11 04:00:00','2026-04-11 04:00:00'),(198,13,'Sin marca','Sin modelo',NULL,'INV-0148','activo',NULL,17,NULL,NULL,NULL,NULL,NULL,NULL,NULL,NULL,NULL,NULL,NULL,NULL,NULL,NULL,NULL,NULL,1,'[\"Encargado\", \"Tipo Equipo\", \"Marca\"]','2026-04-11 04:00:00','2026-04-11 04:00:00'),(199,1,'-','-',NULL,'INV-0149','activo',118,17,NULL,NULL,NULL,NULL,'i3','8','1TB','UDEL 2do piso',NULL,NULL,NULL,NULL,NULL,NULL,NULL,NULL,0,NULL,'2026-04-11 04:00:00','2026-04-11 04:00:00'),(200,1,'Sin marca','Sin modelo',NULL,'INV-0150','activo',119,17,NULL,NULL,NULL,NULL,NULL,NULL,NULL,NULL,NULL,NULL,NULL,NULL,NULL,NULL,NULL,NULL,1,'[\"Marca\"]','2026-04-11 04:00:00','2026-04-11 04:00:00'),(201,13,'Sin marca','Sin modelo',NULL,'INV-0151','activo',NULL,17,NULL,NULL,NULL,NULL,NULL,NULL,NULL,NULL,NULL,NULL,NULL,NULL,NULL,NULL,NULL,NULL,1,'[\"Encargado\", \"Tipo Equipo\", \"Marca\"]','2026-04-11 04:00:00','2026-04-11 04:00:00'),(202,13,'Sin marca','Sin modelo',NULL,'INV-0152','activo',NULL,17,NULL,NULL,NULL,NULL,NULL,NULL,NULL,NULL,NULL,NULL,NULL,NULL,NULL,NULL,NULL,NULL,1,'[\"Encargado\", \"Tipo Equipo\", \"Marca\"]','2026-04-11 04:00:00','2026-04-11 04:00:00'),(203,13,'Sin marca','Sin modelo',NULL,'INV-0153','activo',NULL,17,NULL,NULL,NULL,NULL,NULL,NULL,NULL,NULL,NULL,NULL,NULL,NULL,NULL,NULL,NULL,NULL,1,'[\"Encargado\", \"Tipo Equipo\", \"Marca\"]','2026-04-11 04:00:00','2026-04-11 04:00:00'),(204,13,'Sin marca','Sin modelo',NULL,'INV-0154','activo',NULL,17,NULL,NULL,NULL,NULL,NULL,NULL,NULL,NULL,NULL,NULL,NULL,NULL,NULL,NULL,NULL,NULL,1,'[\"Encargado\", \"Tipo Equipo\", \"Marca\"]','2026-04-11 04:00:00','2026-04-11 04:00:00'),(205,1,'ASUS','Sin modelo',NULL,'INV-0155','activo',120,17,NULL,NULL,NULL,NULL,NULL,NULL,NULL,NULL,NULL,NULL,NULL,NULL,NULL,NULL,NULL,NULL,0,NULL,'2026-04-11 04:00:00','2026-04-11 04:00:00'),(206,1,'Sin marca','Sin modelo',NULL,'INV-0156','activo',121,17,NULL,NULL,NULL,NULL,NULL,NULL,NULL,NULL,NULL,NULL,NULL,NULL,NULL,NULL,NULL,NULL,1,'[\"Marca\"]','2026-04-11 04:00:00','2026-04-11 04:00:00'),(207,1,'LENOVO','Sin modelo',NULL,'N/A-dup40','activo',122,18,NULL,NULL,NULL,NULL,'i3-1005G1','8','SSD 120gb - HDD 931gb','Municipalidad 1er Piso',NULL,NULL,NULL,NULL,NULL,NULL,NULL,NULL,0,NULL,'2026-04-11 04:00:00','2026-04-11 04:00:00'),(208,1,'SENTEY','Sin modelo',NULL,'N/A-dup41','activo',123,18,NULL,NULL,NULL,NULL,'i7-3770','6','SSD 240gb',NULL,'1702141505',NULL,NULL,NULL,NULL,NULL,NULL,NULL,0,NULL,'2026-04-11 04:00:00','2026-04-11 04:00:00'),(209,1,'LENOVO','LOQ 15ARP',NULL,'INV-0157','activo',124,18,'2025-01-01',NULL,NULL,NULL,'AMD Ryzen 7 7435HS','24','512','Vivienda Calle Carrera',NULL,NULL,NULL,NULL,NULL,NULL,NULL,NULL,0,NULL,'2026-04-11 04:00:00','2026-04-11 04:00:00'),(210,1,'LENOVO','Sin modelo',NULL,'INV-0158','activo',122,18,NULL,NULL,NULL,NULL,'i3',NULL,NULL,NULL,NULL,NULL,NULL,NULL,NULL,NULL,NULL,NULL,0,NULL,'2026-04-11 04:00:00','2026-04-11 04:00:00'),(211,4,'BROTHER','MFC-L6900DW',NULL,'INV-0159','activo',NULL,18,NULL,NULL,NULL,NULL,NULL,NULL,NULL,NULL,NULL,NULL,NULL,NULL,NULL,NULL,NULL,NULL,1,'[\"Encargado\"]','2026-04-11 04:00:00','2026-04-11 04:00:00'),(212,2,'LENOVO','IDEAPAD 3',NULL,'INV-0160','activo',125,18,NULL,NULL,NULL,NULL,NULL,NULL,NULL,NULL,NULL,NULL,NULL,NULL,NULL,NULL,NULL,NULL,0,NULL,'2026-04-11 04:00:00','2026-04-11 04:00:00'),(213,13,'Sin marca','Sin modelo',NULL,'INV-0161','activo',NULL,NULL,NULL,NULL,NULL,NULL,NULL,NULL,NULL,NULL,NULL,NULL,NULL,NULL,NULL,NULL,NULL,NULL,1,'[\"Encargado\", \"Tipo Equipo\", \"Marca\", \"Dirección\"]','2026-04-11 04:00:00','2026-04-11 04:00:00'),(214,13,'Sin marca','Sin modelo',NULL,'INV-0162','activo',NULL,NULL,NULL,NULL,NULL,NULL,NULL,NULL,NULL,NULL,NULL,NULL,NULL,NULL,NULL,NULL,NULL,NULL,1,'[\"Encargado\", \"Tipo Equipo\", \"Marca\", \"Dirección\"]','2026-04-11 04:00:00','2026-04-11 04:00:00');
/*!40000 ALTER TABLE `equipos` ENABLE KEYS */;
UNLOCK TABLES;

--
-- Dumping data for table `actas_entrega`
--

LOCK TABLES `actas_entrega` WRITE;
/*!40000 ALTER TABLE `actas_entrega` DISABLE KEYS */;
INSERT INTO `actas_entrega` (`id`, `numero_acta`, `equipo_id`, `funcionario_id`, `fecha_entrega`, `observaciones`, `firmada`, `created_at`, `updated_at`) VALUES (1,'ACT-2024-0001',1,1,'2024-01-16','Equipo entregado en buen estado con todos sus accesorios.',1,'2026-04-12 02:39:59','2026-04-12 02:39:59'),(2,'ACT-2024-0002',2,2,'2024-02-21','Entrega de notebook con cargador y estuche.',1,'2026-04-12 02:39:59','2026-04-12 02:39:59'),(3,'ACT-2024-0003',6,4,'2024-04-06','Notebook entregado con cargador.',0,'2026-04-12 02:39:59','2026-04-12 02:39:59');
/*!40000 ALTER TABLE `actas_entrega` ENABLE KEYS */;
UNLOCK TABLES;

--
-- Dumping data for table `users`
--

LOCK TABLES `users` WRITE;
/*!40000 ALTER TABLE `users` DISABLE KEYS */;
INSERT INTO `users` (`id`, `name`, `email`, `email_verified_at`, `password`, `remember_token`, `created_at`, `updated_at`) VALUES (1,'Administrador INVETI','jrodriguez@lebu.cl','2026-04-20 07:04:03','$2y$12$VCAmV5iXAUi7yhX9D.4EdO31fqlTXyXauQ.aDpQLoGpr99ay.c7ZK','Eoh9bHPtZuFpYY9Puu587pM5y7kmAEgTIWJISdbC4Kz97rr1WvAtCRDmJvHi','2026-04-12 08:33:56','2026-04-20 07:04:03');
/*!40000 ALTER TABLE `users` ENABLE KEYS */;
UNLOCK TABLES;
/*!40103 SET TIME_ZONE=@OLD_TIME_ZONE */;

/*!40101 SET SQL_MODE=@OLD_SQL_MODE */;
/*!40014 SET FOREIGN_KEY_CHECKS=@OLD_FOREIGN_KEY_CHECKS */;
/*!40014 SET UNIQUE_CHECKS=@OLD_UNIQUE_CHECKS */;
/*!40101 SET CHARACTER_SET_CLIENT=@OLD_CHARACTER_SET_CLIENT */;
/*!40101 SET CHARACTER_SET_RESULTS=@OLD_CHARACTER_SET_RESULTS */;
/*!40101 SET COLLATION_CONNECTION=@OLD_COLLATION_CONNECTION */;
/*!40111 SET SQL_NOTES=@OLD_SQL_NOTES */;

-- Dump completed on 2026-04-20  0:51:39
